Date,Open,High,Low,Close,Volume,OpenInterest,Close_Spot,T_Annual,IV,Delta,Gamma,Theta,Vega
2026-08-12 09:15:00,140.0,152.2,139.15,140.9,1776385,5581745,24441.45,0.01643835616438356,,,,,
2026-08-12 09:16:00,139.2,139.2,115.55,116.8,1654575,6128395,24399.5,0.01643835616438356,,,,,
2026-08-12 09:17:00,118.5,121.4,115.2,115.95,1400880,6670495,24394.75,0.01643835616438356,,,,,
2026-08-12 09:18:00,114.65,117.7,114.0,116.95,816270,7057960,24396.5,0.01643835616438356,,,,,
2026-08-12 09:19:00,116.6,118.95,115.0,118.95,751400,7336420,24407.15,0.01643835616438356,,,,,
2026-08-12 09:20:00,117.1,120.7,116.3,120.65,756015,7569510,24414.1,0.01643835616438356,,,,,
2026-08-12 09:21:00,120.25,121.55,112.75,112.8,1050595,7728630,24405.45,0.01643835616438356,,,,,
2026-08-12 09:22:00,112.45,117.25,111.75,115.2,625755,7903805,24411.1,0.01643835616438356,,,,,
2026-08-12 09:23:00,115.25,118.9,114.9,118.1,534170,8030425,24416.9,0.01643835616438356,,,,,
2026-08-12 09:24:00,118.15,123.3,118.15,121.95,913055,7989280,24423.0,0.01643835616438356,,,,,
2026-08-12 09:25:00,121.45,130.6,121.45,129.55,1629550,7880795,24441.65,0.01643835616438356,,,,,
2026-08-12 09:26:00,129.95,132.8,126.25,132.8,902395,7853820,24445.4,0.01643835616438356,,,,,
2026-08-12 09:27:00,132.8,140.8,131.65,140.8,1684865,7698080,24460.55,0.01643835616438356,,,,,
2026-08-12 09:28:00,141.6,143.1,139.65,139.75,1300325,7631650,24458.6,0.01643835616438356,,,,,
2026-08-12 09:29:00,139.2,140.35,135.1,139.0,858910,7706270,24457.4,0.01643835616438356,,,,,
2026-08-12 09:30:00,139.7,139.7,130.05,132.2,839540,7731295,24442.65,0.01643835616438356,,,,,
2026-08-12 09:31:00,132.35,133.6,127.2,127.2,699335,7876505,24438.1,0.01643835616438356,,,,,
2026-08-12 09:32:00,127.2,127.65,125.3,127.0,547885,7953270,24436.0,0.01643835616438356,,,,,
2026-08-12 09:33:00,126.7,129.1,125.0,128.15,423215,8093865,24440.5,0.01643835616438356,,,,,
2026-08-12 09:34:00,127.85,130.1,125.55,126.45,601120,8281715,24440.2,0.01643835616438356,,,,,
2026-08-12 09:35:00,127.4,127.4,123.8,123.8,460980,8367970,24434.15,0.01643835616438356,,,,,
2026-08-12 09:36:00,124.15,129.15,124.15,126.7,392340,8450780,24438.55,0.01643835616438356,,,,,
2026-08-12 09:37:00,126.05,127.5,121.75,121.75,408070,8465470,24430.75,0.01643835616438356,,,,,
2026-08-12 09:38:00,121.3,121.65,117.7,121.65,871390,8471970,24424.25,0.01643835616438356,,,,,
2026-08-12 09:39:00,121.15,122.95,120.0,120.8,372125,8569145,24427.85,0.01643835616438356,,,,,
2026-08-12 09:40:00,120.95,123.85,120.6,123.8,359385,8569145,24434.2,0.01643835616438356,,,,,
2026-08-12 09:41:00,124.0,124.6,122.0,122.0,356070,8650850,24433.95,0.01643835616438356,,,,,
2026-08-12 09:42:00,122.7,124.1,119.7,120.3,373360,8650850,24431.35,0.01643835616438356,,,,,
2026-08-12 09:43:00,120.05,121.0,118.85,121.0,268450,8705125,24432.35,0.01643835616438356,,,,,
2026-08-12 09:44:00,121.2,121.2,118.0,118.95,323180,8784360,24428.0,0.01643835616438356,,,,,
2026-08-12 09:45:00,119.15,119.15,113.4,114.25,752050,8784360,24418.2,0.01643835616438356,,,,,
2026-08-12 09:46:00,114.15,114.15,110.2,110.75,738920,8793135,24411.5,0.01643835616438356,,,,,
2026-08-12 09:47:00,110.75,110.75,108.2,109.5,689585,8930610,24406.8,0.01643835616438356,,,,,
2026-08-12 09:48:00,109.35,109.35,105.1,107.3,801840,9088950,24403.0,0.01643835616438356,,,,,
2026-08-12 09:49:00,107.1,108.25,105.55,105.75,539110,9291100,24402.55,0.01643835616438356,,,,,
2026-08-12 09:50:00,105.45,105.45,103.15,105.2,763750,9460880,24393.75,0.01643835616438356,,,,,
2026-08-12 09:51:00,105.2,108.3,105.2,107.9,734760,9624810,24404.0,0.01643835616438356,,,,,
2026-08-12 09:52:00,107.9,108.2,106.1,107.4,459290,9860695,24403.65,0.01643835616438356,,,,,
2026-08-12 09:53:00,107.65,109.6,107.1,109.6,517075,9964435,24409.45,0.01643835616438356,,,,,
2026-08-12 09:54:00,109.7,109.8,107.8,108.2,516880,10020205,24409.9,0.01643835616438356,,,,,
2026-08-12 09:55:00,107.9,107.9,105.1,106.15,502645,10128105,24404.4,0.01643835616438356,,,,,
2026-08-12 09:56:00,106.6,107.3,105.35,105.35,261300,10230480,24403.35,0.01643835616438356,,,,,
2026-08-12 09:57:00,105.65,105.65,102.2,102.5,524225,10318425,24393.0,0.01643835616438356,,,,,
2026-08-12 09:58:00,102.15,102.15,97.7,97.7,1191450,10410660,24380.3,0.01643835616438356,,,,,
2026-08-12 09:59:00,97.9,99.5,96.55,97.3,651040,10424765,24378.55,0.01643835616438356,,,,,
2026-08-12 10:00:00,96.7,97.4,95.0,95.35,707330,10469615,24374.35,0.01643835616438356,,,,,
2026-08-12 10:01:00,95.8,97.15,94.5,97.15,472615,10551840,24373.65,0.01643835616438356,,,,,
2026-08-12 10:02:00,96.85,96.95,94.05,95.65,459615,10675275,24373.85,0.01643835616438356,,,,,
2026-08-12 10:03:00,95.3,95.3,92.2,94.65,590590,10712325,24365.4,0.01643835616438356,,,,,
2026-08-12 10:04:00,94.55,95.5,92.85,93.05,438620,10821915,24362.6,0.01643835616438356,,,,,
2026-08-12 10:05:00,93.3,95.2,92.95,94.95,327665,10913695,24365.4,0.01643835616438356,,,,,
2026-08-12 10:06:00,94.9,95.65,94.4,94.85,435110,10978435,24365.4,0.01643835616438356,,,,,
2026-08-12 10:07:00,94.45,94.65,92.85,93.5,469430,11165115,24358.85,0.01643835616438356,,,,,
2026-08-12 10:08:00,93.3,94.15,93.0,93.65,275405,11298430,24360.8,0.01643835616438356,,,,,
2026-08-12 10:09:00,94.0,94.7,93.85,94.5,266045,11422255,24363.75,0.01643835616438356,,,,,
2026-08-12 10:10:00,94.6,95.4,94.0,95.35,388895,11502725,24368.25,0.01643835616438356,,,,,
2026-08-12 10:11:00,95.0,95.7,93.4,93.4,496275,11625705,24367.2,0.01643835616438356,,,,,
2026-08-12 10:12:00,93.7,94.55,93.3,94.05,333775,11778910,24365.45,0.01643835616438356,,,,,
2026-08-12 10:13:00,94.15,94.7,93.5,94.35,213330,11890970,24366.65,0.01643835616438356,,,,,
2026-08-12 10:14:00,94.25,94.35,93.25,93.6,186810,11947390,24365.1,0.01643835616438356,,,,,
2026-08-12 10:15:00,93.2,93.4,91.7,92.6,491465,12012910,24360.2,0.01643835616438356,,,,,
2026-08-12 10:16:00,92.85,93.7,92.3,93.55,213460,12056200,24364.95,0.01643835616438356,,,,,
2026-08-12 10:17:00,93.75,94.75,93.0,94.55,261365,12089415,24370.55,0.01643835616438356,,,,,
2026-08-12 10:18:00,94.9,95.5,94.0,95.25,337870,12086880,24374.7,0.01643835616438356,,,,,
2026-08-12 10:19:00,95.5,96.2,94.15,94.15,427570,12134915,24373.5,0.01643835616438356,,,,,
2026-08-12 10:20:00,94.0,96.1,94.0,95.4,265655,12145640,24374.95,0.01643835616438356,,,,,
2026-08-12 10:21:00,95.75,96.0,95.0,95.45,247650,12185225,24377.4,0.01643835616438356,,,,,
2026-08-12 10:22:00,95.45,95.65,94.4,94.8,213525,12244310,24375.5,0.01643835616438356,,,,,
2026-08-12 10:23:00,94.7,94.7,93.75,94.15,166140,12266605,24376.8,0.01643835616438356,,,,,
2026-08-12 10:24:00,94.35,94.85,92.7,94.15,288080,12288900,24374.8,0.01643835616438356,,,,,
2026-08-12 10:25:00,94.1,95.8,93.85,95.6,189410,12301380,24379.85,0.01643835616438356,,,,,
2026-08-12 10:26:00,95.8,96.0,94.7,94.75,240695,12302485,24379.65,0.01643835616438356,,,,,
2026-08-12 10:27:00,94.8,95.25,92.7,92.75,214565,12310545,24372.65,0.01643835616438356,,,,,
2026-08-12 10:28:00,93.0,95.2,92.85,94.7,234585,12271285,24376.85,0.01643835616438356,,,,,
2026-08-12 10:29:00,95.0,95.0,92.65,92.65,159315,12288640,24371.5,0.01643835616438356,,,,,
2026-08-12 10:30:00,92.6,94.15,92.5,93.85,169390,12336805,24375.3,0.01643835616438356,,,,,
2026-08-12 10:31:00,93.9,96.0,93.9,95.9,390130,12358970,24380.8,0.01643835616438356,,,,,
2026-08-12 10:32:00,95.65,98.0,95.5,97.75,417690,12299690,24389.75,0.01643835616438356,,,,,
2026-08-12 10:33:00,97.95,101.4,97.95,101.4,821990,12168065,24398.55,0.01643835616438356,,,,,
2026-08-12 10:34:00,101.4,103.3,99.8,100.55,899665,12008230,24395.6,0.01643835616438356,,,,,
2026-08-12 10:35:00,99.85,100.95,98.95,100.05,368940,11968840,24394.9,0.01643835616438356,,,,,
2026-08-12 10:36:00,100.1,100.3,97.1,97.95,351650,11974495,24386.9,0.01643835616438356,,,,,
2026-08-12 10:37:00,97.85,99.5,97.75,97.75,225095,11883495,24389.45,0.01643835616438356,,,,,
2026-08-12 10:38:00,97.75,98.75,96.35,97.0,251355,11909755,24386.05,0.01643835616438356,,,,,
2026-08-12 10:39:00,97.05,97.55,96.35,97.5,137800,11888110,24386.55,0.01643835616438356,,,,,
2026-08-12 10:40:00,97.1,97.15,94.8,95.1,344370,11938810,24382.35,0.01643835616438356,,,,,
2026-08-12 10:41:00,95.0,95.35,93.05,94.95,419120,12025715,24379.15,0.01643835616438356,,,,,
2026-08-12 10:42:00,94.85,96.2,94.5,94.5,221520,12009400,24377.25,0.01643835616438356,,,,,
2026-08-12 10:43:00,94.2,95.45,93.85,94.75,158795,12046905,24379.35,0.01643835616438356,,,,,
2026-08-12 10:44:00,94.25,94.5,93.35,93.8,192660,12088310,24375.65,0.01643835616438356,,,,,
2026-08-12 10:45:00,93.35,93.55,90.45,91.0,638820,12165660,24370.45,0.01643835616438356,,,,,
2026-08-12 10:46:00,90.95,91.8,90.3,90.45,308295,12177555,24368.6,0.01643835616438356,,,,,
2026-08-12 10:47:00,90.95,91.2,88.2,88.55,413465,12206675,24358.75,0.01643835616438356,,,,,
2026-08-12 10:48:00,88.35,88.45,86.4,88.45,805025,12262055,24353.15,0.01643835616438356,,,,,
2026-08-12 10:49:00,87.6,89.75,87.6,89.2,357305,12296505,24357.25,0.01643835616438356,,,,,
2026-08-12 10:50:00,89.45,89.9,88.6,89.0,227370,12378015,24358.65,0.01643835616438356,,,,,
2026-08-12 10:51:00,89.05,89.8,88.65,88.65,183170,12428520,24359.75,0.01643835616438356,,,,,
2026-08-12 10:52:00,88.85,89.3,88.2,88.6,179595,12468495,24358.15,0.01643835616438356,,,,,
2026-08-12 10:53:00,88.55,89.9,88.55,89.4,166920,12513215,24358.2,0.01643835616438356,,,,,
2026-08-12 10:54:00,89.35,90.75,89.0,89.95,245115,12497940,24359.3,0.01643835616438356,,,,,
2026-08-12 10:55:00,89.9,90.75,89.1,89.2,201175,12512305,24355.4,0.01643835616438356,,,,,
2026-08-12 10:56:00,89.5,89.5,86.9,87.1,437125,12534730,24348.85,0.01643835616438356,,,,,
2026-08-12 10:57:00,86.95,88.3,85.05,85.6,436410,12520625,24344.2,0.01643835616438356,,,,,
2026-08-12 10:58:00,85.35,85.35,76.65,83.75,2097030,12505025,24327.65,0.01643835616438356,,,,,
2026-08-12 10:59:00,83.4,83.4,78.2,78.2,936260,12459850,24318.65,0.01643835616438356,,,,,
2026-08-12 11:00:00,78.4,79.6,76.35,76.5,740740,12714390,24313.15,0.01643835616438356,,,,,
2026-08-12 11:01:00,76.3,77.0,75.3,76.3,607685,12851215,24311.1,0.01643835616438356,,,,,
2026-08-12 11:02:00,76.2,77.0,74.55,75.1,803725,13030485,24303.25,0.01643835616438356,,,,,
2026-08-12 11:03:00,75.0,75.75,74.6,75.35,516880,13116220,24297.55,0.01643835616438356,,,,,
2026-08-12 11:04:00,75.7,77.15,75.4,76.45,496405,13149955,24300.3,0.01643835616438356,,,,,
2026-08-12 11:05:00,76.45,77.05,75.5,76.65,439530,13211900,24296.75,0.01643835616438356,,,,,
2026-08-12 11:06:00,76.5,76.9,75.35,76.9,503685,13288405,24305.8,0.01643835616438356,,,,,
2026-08-12 11:07:00,76.95,77.5,75.4,75.95,353210,13293085,24304.35,0.01643835616438356,,,,,
2026-08-12 11:08:00,76.2,76.75,75.6,76.15,197015,13344500,24302.1,0.01643835616438356,,,,,
2026-08-12 11:09:00,76.3,77.65,76.1,77.0,235950,13344890,24305.6,0.01643835616438356,,,,,
2026-08-12 11:10:00,77.15,78.3,77.15,78.0,400465,13384410,24310.8,0.01643835616438356,,,,,
2026-08-12 11:11:00,78.15,78.25,77.45,77.55,232960,13450450,24315.45,0.01643835616438356,,,,,
2026-08-12 11:12:00,77.6,77.6,74.0,75.3,473330,13497445,24298.5,0.01643835616438356,,,,,
2026-08-12 11:13:00,75.2,76.05,74.45,74.75,216580,13528840,24300.95,0.01643835616438356,,,,,
2026-08-12 11:14:00,74.95,75.6,74.8,75.55,128375,13571415,24302.9,0.01643835616438356,,,,,
2026-08-12 11:15:00,75.15,76.65,75.15,76.3,194935,13600145,24306.75,0.01643835616438356,,,,,
2026-08-12 11:16:00,76.4,76.55,75.7,76.2,190580,13598975,24304.95,0.01643835616438356,,,,,
2026-08-12 11:17:00,76.15,76.15,74.75,75.35,309530,13652990,24301.8,0.01643835616438356,,,,,
2026-08-12 11:18:00,75.7,76.2,75.1,75.9,143195,13680485,24303.8,0.01643835616438356,,,,,
2026-08-12 11:19:00,76.1,77.0,76.05,76.7,149890,13662935,24307.05,0.01643835616438356,,,,,
2026-08-12 11:20:00,76.3,76.9,75.8,76.6,186225,13689065,24309.15,0.01643835616438356,,,,,
2026-08-12 11:21:00,76.65,77.2,76.35,76.5,160810,13729365,24307.25,0.01643835616438356,,,,,
2026-08-12 11:22:00,76.6,78.0,76.45,77.75,188630,13733200,24308.7,0.01643835616438356,,,,,
2026-08-12 11:23:00,77.85,79.15,77.65,78.9,312260,13730535,24317.3,0.01643835616438356,,,,,
2026-08-12 11:24:00,79.0,79.15,76.2,76.2,370760,13764400,24305.3,0.01643835616438356,,,,,
2026-08-12 11:25:00,76.2,76.7,75.35,76.15,199680,13785525,24302.1,0.01643835616438356,,,,,
2026-08-12 11:26:00,75.7,76.4,75.2,75.45,146770,13789555,24305.0,0.01643835616438356,,,,,
2026-08-12 11:27:00,75.35,75.35,72.3,72.75,417885,13786240,24299.7,0.01643835616438356,,,,,
2026-08-12 11:28:00,72.95,74.6,72.0,74.0,396435,13751140,24300.7,0.01643835616438356,,,,,
2026-08-12 11:29:00,74.15,74.55,73.0,73.0,143195,13749645,24297.05,0.01643835616438356,,,,,
2026-08-12 11:30:00,72.8,72.8,70.45,71.8,438815,13805025,24289.45,0.01643835616438356,,,,,
2026-08-12 11:31:00,71.7,73.3,71.05,73.25,181935,13784485,24292.5,0.01643835616438356,,,,,
2026-08-12 11:32:00,73.1,73.7,72.75,72.8,133835,13787475,24294.35,0.01643835616438356,,,,,
2026-08-12 11:33:00,73.0,73.95,72.95,73.15,195195,13820300,24293.6,0.01643835616438356,,,,,
2026-08-12 11:34:00,73.0,74.9,72.95,74.0,193180,13817115,24302.35,0.01643835616438356,,,,,
2026-08-12 11:35:00,74.1,74.1,72.55,73.5,136435,13850265,24296.05,0.01643835616438356,,,,,
2026-08-12 11:36:00,73.5,73.6,72.75,73.0,73125,13852735,24295.4,0.01643835616438356,,,,,
2026-08-12 11:37:00,72.9,73.2,72.25,72.25,131755,13846170,24293.85,0.01643835616438356,,,,,
2026-08-12 11:38:00,72.25,72.4,71.3,71.35,138905,13868270,24290.85,0.01643835616438356,,,,,
2026-08-12 11:39:00,71.35,72.0,70.4,71.05,295035,13854100,24285.95,0.01643835616438356,,,,,
2026-08-12 11:40:00,70.95,70.95,69.75,70.55,469300,13881140,24281.05,0.01643835616438356,,,,,
2026-08-12 11:41:00,70.7,71.0,70.45,71.0,240175,13906360,24283.85,0.01643835616438356,,,,,
2026-08-12 11:42:00,71.0,72.0,70.7,70.75,188825,13951795,24284.15,0.01643835616438356,,,,,
2026-08-12 11:43:00,70.8,72.0,70.55,71.85,160745,13989365,24285.6,0.01643835616438356,,,,,
2026-08-12 11:44:00,72.0,73.4,71.6,72.6,269165,13970385,24294.2,0.01643835616438356,,,,,
2026-08-12 11:45:00,72.65,73.05,72.1,72.6,129155,13975845,24294.8,0.01643835616438356,,,,,
2026-08-12 11:46:00,72.7,73.3,72.4,72.8,116025,13962000,24293.9,0.01643835616438356,,,,,
2026-08-12 11:47:00,72.65,72.85,71.55,72.35,160095,13975975,24289.25,0.01643835616438356,,,,,
2026-08-12 11:48:00,72.65,72.75,71.8,72.75,78845,13983580,24290.5,0.01643835616438356,,,,,
2026-08-12 11:49:00,72.8,73.0,72.3,72.35,91780,13983905,24290.6,0.01643835616438356,,,,,
2026-08-12 11:50:00,72.3,72.5,70.4,70.9,154895,13998010,24286.25,0.01643835616438356,,,,,
2026-08-12 11:51:00,70.9,71.85,70.9,71.25,113750,14015235,24286.9,0.01643835616438356,,,,,
2026-08-12 11:52:00,71.25,72.15,71.25,71.45,122460,14002625,24285.15,0.01643835616438356,,,,,
2026-08-12 11:53:00,71.5,71.8,71.2,71.25,68835,14004510,24283.65,0.01643835616438356,,,,,
2026-08-12 11:54:00,71.2,71.35,68.8,69.3,333320,14015885,24282.1,0.01643835616438356,,,,,
2026-08-12 11:55:00,69.4,70.2,68.65,70.2,422500,14059630,24280.7,0.01643835616438356,,,,,
2026-08-12 11:56:00,69.95,70.4,69.0,69.95,294580,14106170,24284.15,0.01643835616438356,,,,,
2026-08-12 11:57:00,70.0,70.5,69.35,69.5,135070,14140165,24281.85,0.01643835616438356,,,,,
2026-08-12 11:58:00,69.6,69.6,68.8,68.8,139555,14157845,24278.1,0.01643835616438356,,,,,
2026-08-12 11:59:00,68.85,70.25,68.6,69.3,225550,14208090,24279.65,0.01643835616438356,,,,,
2026-08-12 12:00:00,69.0,69.25,68.5,68.8,152100,14267110,24278.85,0.01643835616438356,,,,,
2026-08-12 12:01:00,68.9,70.1,68.9,69.6,124475,14291420,24278.9,0.01643835616438356,,,,,
2026-08-12 12:02:00,69.65,69.85,68.8,69.7,131625,14304875,24277.25,0.01643835616438356,,,,,
2026-08-12 12:03:00,69.45,69.85,69.1,69.75,99255,14302470,24276.15,0.01643835616438356,,,,,
2026-08-12 12:04:00,69.65,69.8,68.95,68.95,100360,14296555,24272.55,0.01643835616438356,,,,,
2026-08-12 12:05:00,69.05,70.2,68.9,70.1,117845,14291940,24276.35,0.01643835616438356,,,,,
2026-08-12 12:06:00,70.2,70.85,69.75,70.85,118755,14293305,24278.45,0.01643835616438356,,,,,
2026-08-12 12:07:00,70.7,71.25,70.0,70.0,205205,14277510,24274.8,0.01643835616438356,,,,,
2026-08-12 12:08:00,69.85,71.2,69.85,70.3,111020,14298895,24275.3,0.01643835616438356,,,,,
2026-08-12 12:09:00,70.2,70.35,69.1,69.25,163020,14283620,24272.7,0.01643835616438356,,,,,
2026-08-12 12:10:00,69.4,69.55,68.8,68.8,119340,14297205,24270.35,0.01643835616438356,,,,,
2026-08-12 12:11:00,68.6,69.95,68.6,69.25,143455,14369680,24272.0,0.01643835616438356,,,,,
2026-08-12 12:12:00,69.65,69.8,69.15,69.4,114660,14356485,24271.95,0.01643835616438356,,,,,
2026-08-12 12:13:00,69.35,69.35,67.55,68.85,321360,14381250,24267.85,0.01643835616438356,,,,,
2026-08-12 12:14:00,69.0,69.3,68.2,68.9,190970,14431365,24267.1,0.01643835616438356,,,,,
2026-08-12 12:15:00,68.8,70.5,68.8,69.75,215995,14418040,24273.1,0.01643835616438356,,,,,
2026-08-12 12:16:00,69.6,70.45,69.5,69.85,172315,14412125,24274.8,0.01643835616438356,,,,,
2026-08-12 12:17:00,70.0,70.7,70.0,70.4,110370,14440855,24277.15,0.01643835616438356,,,,,
2026-08-12 12:18:00,70.35,70.7,69.95,70.65,129220,14454310,24278.1,0.01643835616438356,,,,,
2026-08-12 12:19:00,70.7,70.85,70.45,70.65,110695,14476020,24277.45,0.01643835616438356,,,,,
2026-08-12 12:20:00,70.45,70.9,70.2,70.4,84110,14479465,24275.55,0.01643835616438356,,,,,
2026-08-12 12:21:00,70.5,71.4,69.9,70.25,287040,14528020,24275.25,0.01643835616438356,,,,,
2026-08-12 12:22:00,70.1,70.75,69.25,69.6,111930,14558830,24273.45,0.01643835616438356,,,,,
2026-08-12 12:23:00,69.65,70.15,69.65,70.1,80730,14570465,24274.35,0.01643835616438356,,,,,
2026-08-12 12:24:00,70.05,70.5,69.5,69.7,75920,14600365,24274.6,0.01643835616438356,,,,,
2026-08-12 12:25:00,69.65,70.9,69.4,70.2,113230,14613430,24275.45,0.01643835616438356,,,,,
2026-08-12 12:26:00,70.05,71.5,70.05,71.5,200200,14589575,24277.6,0.01643835616438356,,,,,
2026-08-12 12:27:00,71.5,71.5,70.35,71.0,91520,14612390,24276.35,0.01643835616438356,,,,,
2026-08-12 12:28:00,71.15,71.25,70.7,71.05,80730,14633385,24279.2,0.01643835616438356,,,,,
2026-08-12 12:29:00,71.35,72.0,71.1,72.0,129220,14641055,24282.1,0.01643835616438356,,,,,
2026-08-12 12:30:00,71.95,72.25,70.0,70.05,222105,14661985,24278.95,0.01643835616438356,,,,,
2026-08-12 12:31:00,70.15,70.65,69.2,70.1,131820,14665625,24280.7,0.01643835616438356,,,,,
2026-08-12 12:32:00,70.0,71.5,69.2,71.05,107120,14693835,24281.25,0.01643835616438356,,,,,
2026-08-12 12:33:00,71.2,72.7,71.1,72.4,193505,14693315,24287.35,0.01643835616438356,,,,,
2026-08-12 12:34:00,72.55,73.3,72.3,72.3,317655,14712035,24288.7,0.01643835616438356,,,,,
2026-08-12 12:35:00,72.4,72.8,72.0,72.2,222690,14739075,24287.3,0.01643835616438356,,,,,
2026-08-12 12:36:00,72.1,72.4,71.25,71.25,195845,14764490,24286.75,0.01643835616438356,,,,,
2026-08-12 12:37:00,71.45,71.6,71.0,71.0,99710,14722825,24284.7,0.01643835616438356,,,,,
2026-08-12 12:38:00,71.05,72.1,70.9,71.4,77935,14716260,24286.65,0.01643835616438356,,,,,
2026-08-12 12:39:00,71.35,72.5,71.05,72.4,68770,14715155,24289.45,0.01643835616438356,,,,,
2026-08-12 12:40:00,72.5,72.55,71.45,71.45,84890,14712750,24292.05,0.01643835616438356,,,,,
2026-08-12 12:41:00,71.15,72.5,71.0,72.5,124475,14740115,24297.65,0.01643835616438356,,,,,
2026-08-12 12:42:00,72.5,73.3,71.45,71.45,282165,14714440,24293.9,0.01643835616438356,,,,,
2026-08-12 12:43:00,71.6,71.7,70.0,70.0,380640,14638845,24282.8,0.01643835616438356,,,,,
2026-08-12 12:44:00,69.8,70.2,69.5,69.8,159900,14619280,24283.2,0.01643835616438356,,,,,
2026-08-12 12:45:00,69.95,70.3,68.65,68.7,309400,14612715,24281.3,0.01643835616438356,,,,,
2026-08-12 12:46:00,68.65,69.0,67.4,67.7,278785,14683045,24276.9,0.01643835616438356,,,,,
2026-08-12 12:47:00,67.85,69.8,67.75,69.8,173810,14634620,24284.25,0.01643835616438356,,,,,
2026-08-12 12:48:00,69.55,69.95,69.25,69.9,114075,14646840,24286.75,0.01643835616438356,,,,,
2026-08-12 12:49:00,70.0,70.0,69.05,69.55,99710,14662765,24283.3,0.01643835616438356,,,,,
2026-08-12 12:50:00,69.7,70.0,69.1,69.75,60775,14666795,24283.65,0.01643835616438356,,,,,
2026-08-12 12:51:00,70.0,70.3,69.8,70.25,76700,14678950,24288.35,0.01643835616438356,,,,,
2026-08-12 12:52:00,70.3,70.3,69.5,69.95,70525,14687335,24286.45,0.01643835616438356,,,,,
2026-08-12 12:53:00,69.85,70.0,68.9,68.9,81575,14697605,24283.4,0.01643835616438356,,,,,
2026-08-12 12:54:00,68.9,69.1,67.55,67.55,214175,14699165,24275.15,0.01643835616438356,,,,,
2026-08-12 12:55:00,67.7,68.0,67.3,68.0,147225,14673815,24272.8,0.01643835616438356,,,,,
2026-08-12 12:56:00,68.0,68.1,67.35,67.65,123565,14679340,24274.25,0.01643835616438356,,,,,
2026-08-12 12:57:00,67.8,67.85,67.2,67.4,91780,14690975,24271.9,0.01643835616438356,,,,,
2026-08-12 12:58:00,67.45,67.45,67.0,67.05,165360,14695655,24273.9,0.01643835616438356,,,,,
2026-08-12 12:59:00,66.7,67.75,66.3,67.45,232635,14778855,24276.55,0.01643835616438356,,,,,
2026-08-12 13:00:00,67.3,67.85,66.9,67.45,107120,14794520,24278.0,0.01643835616438356,,,,,
2026-08-12 13:01:00,67.3,68.15,67.3,68.0,114595,14789710,24280.45,0.01643835616438356,,,,,
2026-08-12 13:02:00,68.1,69.0,68.0,68.7,150670,14798680,24283.5,0.01643835616438356,,,,,
2026-08-12 13:03:00,68.4,68.9,68.1,68.65,96720,14837940,24284.85,0.01643835616438356,,,,,
2026-08-12 13:04:00,68.6,68.8,68.1,68.15,64610,14847690,24280.8,0.01643835616438356,,,,,
2026-08-12 13:05:00,68.2,68.35,67.8,68.05,76830,14858805,24279.8,0.01643835616438356,,,,,
2026-08-12 13:06:00,68.3,69.15,67.5,67.65,128700,14853345,24280.15,0.01643835616438356,,,,,
2026-08-12 13:07:00,67.45,68.45,67.45,68.05,112775,14829360,24280.95,0.01643835616438356,,,,,
2026-08-12 13:08:00,68.05,68.4,67.7,67.7,53495,14833325,24279.35,0.01643835616438356,,,,,
2026-08-12 13:09:00,67.95,68.95,67.9,68.7,83200,14803750,24280.95,0.01643835616438356,,,,,
2026-08-12 13:10:00,68.9,69.1,68.5,68.7,94445,14780415,24280.15,0.01643835616438356,,,,,
2026-08-12 13:11:00,68.6,69.35,68.4,69.1,96590,14779700,24281.4,0.01643835616438356,,,,,
2026-08-12 13:12:00,69.2,69.4,68.7,68.75,73125,14794845,24280.85,0.01643835616438356,,,,,
2026-08-12 13:13:00,68.6,69.1,68.35,68.85,53300,14803750,24281.6,0.01643835616438356,,,,,
2026-08-12 13:14:00,69.05,70.0,68.85,69.95,162305,14814020,24288.25,0.01643835616438356,,,,,
2026-08-12 13:15:00,69.9,69.95,69.3,69.85,96460,14818180,24286.95,0.01643835616438356,,,,,
2026-08-12 13:16:00,69.95,71.8,69.9,71.6,231400,14793480,24293.05,0.01643835616438356,,,,,
2026-08-12 13:17:00,71.75,71.8,71.4,71.8,167895,14778140,24292.95,0.01643835616438356,,,,,
2026-08-12 13:18:00,71.6,72.55,71.4,72.2,247910,14737710,24298.15,0.01643835616438356,,,,,
2026-08-12 13:19:00,72.2,72.4,71.6,71.6,194675,14691495,24295.95,0.01643835616438356,,,,,
2026-08-12 13:20:00,71.45,72.3,70.8,71.9,197405,14661660,24294.95,0.01643835616438356,,,,,
2026-08-12 13:21:00,72.0,72.2,71.0,71.05,106990,14641315,24292.35,0.01643835616438356,,,,,
2026-08-12 13:22:00,71.3,71.85,71.2,71.2,62530,14627860,24294.6,0.01643835616438356,,,,,
2026-08-12 13:23:00,71.2,71.7,70.9,71.3,74295,14627860,24294.1,0.01643835616438356,,,,,
2026-08-12 13:24:00,71.45,72.15,71.2,71.35,91390,14630915,24296.15,0.01643835616438356,,,,,
2026-08-12 13:25:00,71.35,71.85,69.85,70.4,195065,14592565,24295.05,0.01643835616438356,,,,,
2026-08-12 13:26:00,70.2,70.55,69.7,69.7,72345,14592565,24292.25,0.01643835616438356,,,,,
2026-08-12 13:27:00,69.75,69.95,68.2,68.2,219245,14596335,24288.0,0.01643835616438356,,,,,
2026-08-12 13:28:00,68.4,69.0,67.7,68.8,148005,14567800,24288.8,0.01643835616438356,,,,,
2026-08-12 13:29:00,68.85,70.8,68.65,70.8,119405,14576510,24292.85,0.01643835616438356,,,,,
2026-08-12 13:30:00,71.0,72.35,70.75,71.7,230425,14543490,24297.15,0.01643835616438356,,,,,
2026-08-12 13:31:00,71.95,72.4,71.5,72.4,122915,14541280,24294.7,0.01643835616438356,,,,,
2026-08-12 13:32:00,72.4,72.7,72.25,72.4,140790,14530230,24294.3,0.01643835616438356,,,,,
2026-08-12 13:33:00,72.45,72.45,71.95,72.0,100360,14532830,24293.8,0.01643835616438356,,,,,
2026-08-12 13:34:00,71.95,72.15,71.0,72.0,123370,14509560,24293.5,0.01643835616438356,,,,,
2026-08-12 13:35:00,72.2,73.25,72.05,72.8,208325,14513720,24297.4,0.01643835616438356,,,,,
2026-08-12 13:36:00,72.65,73.2,72.3,72.85,117000,14489085,24299.05,0.01643835616438356,,,,,
2026-08-12 13:37:00,72.75,72.85,70.7,70.7,136760,14504165,24295.8,0.01643835616438356,,,,,
2026-08-12 13:38:00,70.55,70.75,69.0,69.6,241605,14492790,24289.15,0.01643835616438356,,,,,
2026-08-12 13:39:00,69.4,70.35,69.0,70.35,140530,14443780,24294.0,0.01643835616438356,,,,,
2026-08-12 13:40:00,70.1,72.15,70.1,72.05,111995,14436630,24296.45,0.01643835616438356,,,,,
2026-08-12 13:41:00,72.0,72.0,69.1,69.2,157625,14443715,24289.75,0.01643835616438356,,,,,
2026-08-12 13:42:00,69.25,69.65,68.5,68.5,105885,14468935,24289.15,0.01643835616438356,,,,,
2026-08-12 13:43:00,68.5,69.2,68.05,68.85,169975,14469325,24289.0,0.01643835616438356,,,,,
2026-08-12 13:44:00,68.55,68.9,67.75,68.5,152945,14442285,24289.7,0.01643835616438356,,,,,
2026-08-12 13:45:00,68.75,68.75,67.75,68.35,89765,14454765,24287.25,0.01643835616438356,,,,,
2026-08-12 13:46:00,68.4,68.5,67.5,67.7,86775,14473485,24286.15,0.01643835616438356,,,,,
2026-08-12 13:47:00,67.7,67.7,66.7,67.2,193895,14465295,24285.85,0.01643835616438356,,,,,
2026-08-12 13:48:00,67.0,67.6,66.8,67.2,112255,14513785,24284.15,0.01643835616438356,,,,,
2026-08-12 13:49:00,67.35,68.4,67.3,68.25,136890,14509040,24289.95,0.01643835616438356,,,,,
2026-08-12 13:50:00,68.3,68.75,68.1,68.35,83070,14504490,24287.8,0.01643835616438356,,,,,
2026-08-12 13:51:00,68.2,68.75,67.65,67.7,63050,14512225,24288.7,0.01643835616438356,,,,,
2026-08-12 13:52:00,67.9,68.6,67.85,68.4,58370,14517880,24288.9,0.01643835616438356,,,,,
2026-08-12 13:53:00,68.4,68.6,67.85,67.85,76440,14512875,24287.8,0.01643835616438356,,,,,
2026-08-12 13:54:00,68.0,68.8,67.05,67.85,86125,14512225,24286.65,0.01643835616438356,,,,,
2026-08-12 13:55:00,67.85,68.05,67.1,67.35,80730,14508975,24287.45,0.01643835616438356,,,,,
2026-08-12 13:56:00,67.5,67.5,66.15,66.45,219765,14525810,24285.0,0.01643835616438356,,,,,
2026-08-12 13:57:00,66.4,66.5,64.7,64.75,532740,14527955,24281.45,0.01643835616438356,,,,,
2026-08-12 13:58:00,64.9,65.85,64.9,65.2,164060,14641315,24282.35,0.01643835616438356,,,,,
2026-08-12 13:59:00,65.4,66.6,65.15,66.3,106730,14651455,24286.4,0.01643835616438356,,,,,
2026-08-12 14:00:00,66.7,67.0,66.2,66.85,96070,14662635,24286.5,0.01643835616438356,,,,,
2026-08-12 14:01:00,66.65,66.65,66.0,66.1,146705,14654835,24283.7,0.01643835616438356,,,,,
2026-08-12 14:02:00,66.3,66.9,65.5,66.15,235105,14673165,24282.0,0.01643835616438356,,,,,
2026-08-12 14:03:00,66.05,66.95,65.9,65.9,195195,14716325,24283.3,0.01643835616438356,,,,,
2026-08-12 14:04:00,65.9,66.05,63.7,65.0,270400,14762280,24278.7,0.01643835616438356,,,,,
2026-08-12 14:05:00,65.1,65.6,65.0,65.2,97695,14746615,24279.65,0.01643835616438356,,,,,
2026-08-12 14:06:00,65.55,65.75,65.0,65.1,77220,14773265,24281.55,0.01643835616438356,,,,,
2026-08-12 14:07:00,65.2,66.15,64.8,66.15,87490,14787240,24282.35,0.01643835616438356,,,,,
2026-08-12 14:08:00,65.95,66.2,65.1,65.5,96590,14759095,24282.0,0.01643835616438356,,,,,
2026-08-12 14:09:00,65.7,66.5,65.45,66.05,67600,14764230,24284.35,0.01643835616438356,,,,,
2026-08-12 14:10:00,66.1,66.45,65.8,66.45,51740,14758510,24283.8,0.01643835616438356,,,,,
2026-08-12 14:11:00,66.3,66.4,64.4,64.85,114595,14755780,24280.15,0.01643835616438356,,,,,
2026-08-12 14:12:00,64.65,65.35,64.4,65.35,75725,14734915,24280.55,0.01643835616438356,,,,,
2026-08-12 14:13:00,65.1,65.35,64.8,64.8,49595,14736280,24278.45,0.01643835616438356,,,,,
2026-08-12 14:14:00,64.75,65.4,64.5,65.15,90610,14737840,24278.2,0.01643835616438356,,,,,
2026-08-12 14:15:00,65.1,66.3,65.1,66.3,82550,14744145,24283.3,0.01643835616438356,,,,,
2026-08-12 14:16:00,66.3,67.7,66.3,67.55,207675,14729520,24288.75,0.01643835616438356,,,,,
2026-08-12 14:17:00,67.65,67.7,67.25,67.55,159445,14690845,24289.45,0.01643835616438356,,,,,
2026-08-12 14:18:00,67.7,67.7,67.0,67.6,153010,14727180,24287.25,0.01643835616438356,,,,,
2026-08-12 14:19:00,67.55,68.4,67.35,68.2,108160,14756365,24289.65,0.01643835616438356,,,,,
2026-08-12 14:20:00,68.25,68.6,68.1,68.4,120510,14736540,24288.85,0.01643835616438356,,,,,
2026-08-12 14:21:00,68.3,69.2,68.25,69.2,173355,14732510,24290.0,0.01643835616438356,,,,,
2026-08-12 14:22:00,69.05,69.7,68.75,69.7,183820,14700140,24290.0,0.01643835616438356,,,,,
2026-08-12 14:23:00,69.7,70.9,69.7,70.7,327795,14700530,24294.05,0.01643835616438356,,,,,
2026-08-12 14:24:00,70.55,71.4,69.85,70.0,238290,14685710,24290.3,0.01643835616438356,,,,,
2026-08-12 14:25:00,70.1,70.95,69.85,70.7,130390,14653145,24293.9,0.01643835616438356,,,,,
2026-08-12 14:26:00,70.7,71.7,70.7,71.7,234195,14599195,24296.2,0.01643835616438356,,,,,
2026-08-12 14:27:00,71.75,71.95,70.8,71.9,279890,14556295,24296.3,0.01643835616438356,,,,,
2026-08-12 14:28:00,71.4,71.65,70.0,70.15,158405,14539720,24294.1,0.01643835616438356,,,,,
2026-08-12 14:29:00,70.0,71.3,70.0,70.45,112580,14491490,24298.55,0.01643835616438356,,,,,
2026-08-12 14:30:00,70.85,75.95,70.65,74.55,900835,14400620,24305.75,0.01643835616438356,,,,,
2026-08-12 14:31:00,74.95,77.0,73.2,74.75,718120,14188785,24306.35,0.01643835616438356,,,,,
2026-08-12 14:32:00,75.55,82.85,75.2,80.7,1273740,14036685,24326.55,0.01643835616438356,,,,,
2026-08-12 14:33:00,81.5,83.35,79.5,82.7,887510,13689975,24329.35,0.01643835616438356,,,,,
2026-08-12 14:34:00,82.45,82.75,79.3,79.3,539890,13578435,24321.6,0.01643835616438356,,,,,
2026-08-12 14:35:00,79.6,81.15,77.5,77.5,482300,13511225,24318.65,0.01643835616438356,,,,,
2026-08-12 14:36:00,77.7,80.0,77.1,77.8,344110,13456820,24318.15,0.01643835616438356,,,,,
2026-08-12 14:37:00,77.7,78.7,75.8,76.2,399815,13454090,24313.95,0.01643835616438356,,,,,
2026-08-12 14:38:00,76.4,78.9,76.15,78.25,257140,13443820,24318.65,0.01643835616438356,,,,,
2026-08-12 14:39:00,78.45,79.6,77.9,78.25,221975,13430365,24315.8,0.01643835616438356,,,,,
2026-08-12 14:40:00,77.95,78.9,77.1,78.9,152295,13380705,24317.75,0.01643835616438356,,,,,
2026-08-12 14:41:00,79.05,79.9,77.8,79.9,183235,13363545,24321.2,0.01643835616438356,,,,,
2026-08-12 14:42:00,79.6,82.7,79.1,82.3,508690,13358540,24327.65,0.01643835616438356,,,,,
2026-08-12 14:43:00,82.45,83.95,79.95,80.3,659165,13309530,24324.65,0.01643835616438356,,,,,
2026-08-12 14:44:00,80.15,81.5,79.3,80.35,264030,13338455,24326.0,0.01643835616438356,,,,,
2026-08-12 14:45:00,80.6,82.2,79.6,79.75,297765,13331565,24324.6,0.01643835616438356,,,,,
2026-08-12 14:46:00,79.8,83.05,79.65,82.85,379600,13295945,24332.6,0.01643835616438356,,,,,
2026-08-12 14:47:00,83.05,83.05,81.0,81.0,277550,13273715,24328.65,0.01643835616438356,,,,,
2026-08-12 14:48:00,81.0,81.7,78.6,78.6,316420,13238875,24324.15,0.01643835616438356,,,,,
2026-08-12 14:49:00,78.65,80.05,78.15,80.05,218985,13178100,24322.2,0.01643835616438356,,,,,
2026-08-12 14:50:00,79.75,81.3,79.75,80.45,187590,13166660,24326.75,0.01643835616438356,,,,,
2026-08-12 14:51:00,80.6,80.6,78.9,79.6,153465,13145080,24320.5,0.01643835616438356,,,,,
2026-08-12 14:52:00,79.8,84.75,79.8,84.35,686270,13114985,24333.7,0.01643835616438356,,,,,
2026-08-12 14:53:00,85.3,88.35,83.3,88.0,1276535,12848680,24342.95,0.01643835616438356,,,,,
2026-08-12 14:54:00,87.85,102.7,87.85,102.25,2286505,12481105,24374.6,0.01643835616438356,,,,,
2026-08-12 14:55:00,101.95,111.7,99.4,101.1,3418350,11464180,24367.4,0.01643835616438356,,,,,
2026-08-12 14:56:00,98.8,99.6,95.1,96.15,1016925,11082305,24355.65,0.01643835616438356,,,,,
2026-08-12 14:57:00,96.45,99.5,95.3,99.4,841880,11011845,24365.15,0.01643835616438356,,,,,
2026-08-12 14:58:00,100.55,100.55,95.4,95.4,599885,11010155,24362.4,0.01643835616438356,,,,,
2026-08-12 14:59:00,96.0,98.0,95.35,98.0,478010,11089000,24371.15,0.01643835616438356,,,,,
2026-08-12 15:00:00,97.6,98.4,94.3,95.0,642200,11077170,24366.35,0.01643835616438356,,,,,
2026-08-12 15:01:00,94.95,97.7,94.0,96.6,538915,11083410,24371.25,0.01643835616438356,,,,,
2026-08-12 15:02:00,95.6,96.45,92.7,93.65,563160,11114285,24368.85,0.01643835616438356,,,,,
2026-08-12 15:03:00,93.9,94.95,92.5,94.45,431470,11041030,24364.65,0.01643835616438356,,,,,
2026-08-12 15:04:00,94.3,94.3,92.0,92.0,333190,10975900,24363.7,0.01643835616438356,,,,,
2026-08-12 15:05:00,91.9,92.1,89.15,90.45,533130,10888670,24358.9,0.01643835616438356,,,,,
2026-08-12 15:06:00,90.3,92.05,88.75,88.8,407875,10926240,24351.6,0.01643835616438356,,,,,
2026-08-12 15:07:00,88.9,90.7,88.9,89.55,412425,10953800,24351.3,0.01643835616438356,,,,,
2026-08-12 15:08:00,89.2,89.6,87.65,88.2,402025,11029915,24347.1,0.01643835616438356,,,,,
2026-08-12 15:09:00,87.6,91.2,86.15,91.2,588900,10961080,24356.5,0.01643835616438356,,,,,
2026-08-12 15:10:00,91.25,94.35,90.4,93.7,505895,10870925,24356.05,0.01643835616438356,,,,,
2026-08-12 15:11:00,93.4,96.25,93.4,96.25,744380,10861695,24368.7,0.01643835616438356,,,,,
2026-08-12 15:12:00,96.25,97.0,95.2,95.55,484120,10826400,24366.1,0.01643835616438356,,,,,
2026-08-12 15:13:00,95.7,97.15,94.8,95.3,524030,10718305,24367.35,0.01643835616438356,,,,,
2026-08-12 15:14:00,96.4,96.95,94.7,95.75,373555,10663575,24361.7,0.01643835616438356,,,,,
2026-08-12 15:15:00,96.1,96.8,91.9,92.65,516295,10532860,24361.7,0.01643835616438356,,,,,
2026-08-12 15:16:00,95.2,95.4,93.15,94.85,458510,10407995,24361.7,0.01643835616438356,,,,,
2026-08-12 15:17:00,94.45,94.6,92.4,93.95,299065,10299575,24361.7,0.01643835616438356,,,,,
2026-08-12 15:18:00,94.05,94.6,93.25,94.5,297310,10227295,24361.7,0.01643835616438356,,,,,
2026-08-12 15:19:00,95.25,95.35,94.0,94.8,293215,10131355,24361.7,0.01643835616438356,,,,,
2026-08-12 15:20:00,94.75,97.7,94.65,97.5,455845,10047375,24361.7,0.01643835616438356,,,,,
2026-08-12 15:21:00,97.45,97.45,95.6,97.35,373685,9941750,24361.7,0.01643835616438356,,,,,
2026-08-12 15:22:00,97.1,97.55,95.75,97.0,350415,9850100,24361.7,0.01643835616438356,,,,,
2026-08-12 15:23:00,96.8,97.15,96.0,96.45,223600,9809085,24361.7,0.01643835616438356,,,,,
2026-08-12 15:24:00,97.0,97.65,96.55,97.25,362440,9734075,24361.7,0.01643835616438356,,,,,
2026-08-12 15:25:00,97.2,97.65,97.0,97.0,330395,9674015,24361.7,0.01643835616438356,,,,,
2026-08-12 15:26:00,97.45,97.55,95.6,95.85,289055,9698975,24361.7,0.01643835616438356,,,,,
2026-08-12 15:27:00,95.95,96.8,95.5,96.15,253370,9585680,24361.7,0.01643835616438356,,,,,
2026-08-12 15:28:00,96.4,97.0,96.15,96.75,258505,9535955,24435.95,0.01643835616438356,,,,,
2026-08-12 15:29:00,96.85,97.4,96.5,96.95,374400,9445930,24435.95,0.01643835616438356,,,,,
