Date,Open,High,Low,Close,Volume,OpenInterest
2026-08-18 09:15:00,1318.0,1320.0,1312.4,1317.3,44072,0
2026-08-18 09:16:00,1317.0,1317.0,1313.2,1314.3,11147,0
2026-08-18 09:17:00,1314.7,1314.7,1311.5,1312.7,14977,0
2026-08-18 09:18:00,1312.8,1312.8,1310.2,1310.9,9453,0
2026-08-18 09:19:00,1310.9,1311.0,1308.2,1308.9,22900,0
2026-08-18 09:20:00,1308.9,1312.6,1308.3,1312.6,22954,0
2026-08-18 09:21:00,1312.6,1316.3,1312.1,1314.8,14600,0
2026-08-18 09:22:00,1314.8,1314.9,1312.4,1312.9,5046,0
2026-08-18 09:23:00,1312.9,1313.3,1311.0,1312.4,4287,0
2026-08-18 09:24:00,1312.4,1312.4,1310.9,1312.2,4917,0
2026-08-18 09:25:00,1311.9,1314.4,1311.5,1313.4,4906,0
2026-08-18 09:26:00,1313.9,1315.0,1313.6,1314.6,3029,0
2026-08-18 09:27:00,1314.6,1314.6,1312.6,1312.6,2928,0
2026-08-18 09:28:00,1313.2,1313.2,1310.5,1311.7,10867,0
2026-08-18 09:29:00,1311.7,1312.0,1310.8,1310.8,3547,0
2026-08-18 09:30:00,1311.3,1311.3,1310.0,1310.7,4013,0
2026-08-18 09:31:00,1311.0,1312.7,1311.0,1311.8,1925,0
2026-08-18 09:32:00,1311.5,1311.8,1310.3,1311.1,1575,0
2026-08-18 09:33:00,1311.4,1311.4,1310.1,1310.1,1889,0
2026-08-18 09:34:00,1310.9,1312.0,1310.2,1311.8,3351,0
2026-08-18 09:35:00,1311.9,1312.5,1311.4,1312.2,909,0
2026-08-18 09:36:00,1312.2,1314.4,1312.0,1314.3,2966,0
2026-08-18 09:37:00,1313.9,1315.0,1313.0,1313.5,5051,0
2026-08-18 09:38:00,1313.5,1313.5,1312.0,1312.0,3044,0
2026-08-18 09:39:00,1312.2,1312.4,1311.4,1311.8,1748,0
2026-08-18 09:40:00,1311.8,1312.6,1310.4,1310.8,3284,0
2026-08-18 09:41:00,1310.8,1311.2,1310.2,1310.8,1763,0
2026-08-18 09:42:00,1310.7,1310.8,1309.0,1309.4,3942,0
2026-08-18 09:43:00,1309.4,1310.5,1309.0,1310.1,2391,0
2026-08-18 09:44:00,1310.5,1310.5,1309.6,1310.4,2084,0
2026-08-18 09:45:00,1310.5,1310.7,1309.8,1310.5,1740,0
2026-08-18 09:46:00,1310.8,1311.0,1309.2,1309.2,4128,0
2026-08-18 09:47:00,1309.4,1309.8,1309.2,1309.4,1844,0
2026-08-18 09:48:00,1309.7,1311.0,1309.3,1310.9,5466,0
2026-08-18 09:49:00,1310.9,1310.9,1309.8,1310.1,888,0
2026-08-18 09:50:00,1310.5,1311.0,1308.9,1311.0,3056,0
2026-08-18 09:51:00,1310.9,1311.9,1310.6,1311.4,2754,0
2026-08-18 09:52:00,1311.4,1313.6,1311.1,1313.2,7227,0
2026-08-18 09:53:00,1313.2,1314.2,1311.9,1314.1,5990,0
2026-08-18 09:54:00,1314.1,1314.3,1312.5,1313.2,5259,0
2026-08-18 09:55:00,1313.1,1313.2,1312.5,1313.0,831,0
2026-08-18 09:56:00,1313.0,1313.0,1312.0,1312.5,839,0
2026-08-18 09:57:00,1312.6,1312.6,1312.1,1312.2,1051,0
2026-08-18 09:58:00,1312.6,1312.6,1312.0,1312.0,790,0
2026-08-18 09:59:00,1312.2,1312.2,1311.3,1311.8,713,0
2026-08-18 10:00:00,1311.8,1311.8,1311.1,1311.2,1402,0
2026-08-18 10:01:00,1311.4,1311.4,1310.8,1310.8,2110,0
2026-08-18 10:02:00,1310.8,1311.3,1310.4,1311.1,5185,0
2026-08-18 10:03:00,1311.1,1311.9,1310.6,1311.9,1932,0
2026-08-18 10:04:00,1311.9,1312.2,1311.2,1311.9,1555,0
2026-08-18 10:05:00,1311.9,1312.3,1311.5,1312.1,439,0
2026-08-18 10:06:00,1312.3,1312.3,1311.0,1312.0,2121,0
2026-08-18 10:07:00,1312.0,1312.3,1311.3,1311.9,780,0
2026-08-18 10:08:00,1311.9,1312.3,1311.9,1312.0,2103,0
2026-08-18 10:09:00,1312.1,1312.1,1310.8,1311.4,1803,0
2026-08-18 10:10:00,1311.4,1311.4,1310.8,1310.8,1049,0
2026-08-18 10:11:00,1311.0,1311.0,1310.6,1310.8,210,0
2026-08-18 10:12:00,1310.8,1310.8,1308.8,1309.3,1775,0
2026-08-18 10:13:00,1309.3,1310.0,1308.8,1309.2,1811,0
2026-08-18 10:14:00,1309.7,1309.7,1308.8,1309.3,2121,0
2026-08-18 10:15:00,1309.3,1309.3,1308.1,1308.6,6484,0
2026-08-18 10:16:00,1309.0,1309.1,1308.6,1309.0,1211,0
2026-08-18 10:17:00,1309.0,1309.1,1308.1,1308.6,3304,0
2026-08-18 10:18:00,1308.6,1309.2,1308.4,1309.0,1155,0
2026-08-18 10:19:00,1308.9,1308.9,1308.3,1308.9,1146,0
2026-08-18 10:20:00,1308.9,1308.9,1308.8,1308.8,697,0
2026-08-18 10:21:00,1308.9,1309.2,1308.7,1309.2,404,0
2026-08-18 10:22:00,1309.2,1310.0,1309.1,1309.7,1967,0
2026-08-18 10:23:00,1309.8,1310.7,1309.7,1310.7,1330,0
2026-08-18 10:24:00,1310.4,1310.8,1310.4,1310.8,1288,0
2026-08-18 10:25:00,1310.7,1311.0,1310.0,1311.0,1683,0
2026-08-18 10:26:00,1311.3,1312.5,1311.0,1311.6,5726,0
2026-08-18 10:27:00,1311.7,1312.5,1311.7,1311.9,5598,0
2026-08-18 10:28:00,1312.4,1313.8,1312.0,1313.0,5340,0
2026-08-18 10:29:00,1313.3,1314.0,1312.4,1313.1,3795,0
2026-08-18 10:30:00,1313.1,1313.4,1312.3,1313.3,2961,0
2026-08-18 10:31:00,1313.3,1315.7,1313.1,1315.0,9045,0
2026-08-18 10:32:00,1314.9,1314.9,1311.2,1311.5,7741,0
2026-08-18 10:33:00,1311.7,1313.1,1311.0,1312.8,2314,0
2026-08-18 10:34:00,1313.0,1314.2,1313.0,1314.2,2728,0
2026-08-18 10:35:00,1314.2,1314.2,1313.7,1314.2,4025,0
2026-08-18 10:36:00,1314.2,1314.3,1313.6,1313.6,3995,0
2026-08-18 10:37:00,1314.1,1314.1,1309.3,1310.6,94210,0
2026-08-18 10:38:00,1310.6,1310.7,1309.9,1310.3,2855,0
2026-08-18 10:39:00,1310.3,1310.3,1308.8,1308.8,6937,0
2026-08-18 10:40:00,1308.9,1308.9,1304.6,1305.0,80793,0
2026-08-18 10:41:00,1304.9,1306.7,1304.2,1305.0,56193,0
2026-08-18 10:42:00,1304.9,1304.9,1302.7,1303.2,14594,0
2026-08-18 10:43:00,1303.7,1304.9,1302.9,1304.5,8806,0
2026-08-18 10:44:00,1304.4,1304.9,1304.0,1304.4,2137,0
2026-08-18 10:45:00,1304.7,1305.0,1304.0,1305.0,4860,0
2026-08-18 10:46:00,1304.7,1306.0,1304.0,1304.6,43268,0
2026-08-18 10:47:00,1305.0,1305.0,1303.6,1304.1,7062,0
2026-08-18 10:48:00,1304.1,1305.5,1303.8,1305.0,8371,0
2026-08-18 10:49:00,1305.0,1305.0,1304.0,1304.5,3100,0
2026-08-18 10:50:00,1304.9,1307.4,1304.6,1306.5,15751,0
2026-08-18 10:51:00,1307.0,1308.1,1306.9,1307.2,6602,0
2026-08-18 10:52:00,1307.5,1307.9,1306.6,1306.6,2776,0
2026-08-18 10:53:00,1307.2,1307.3,1302.7,1303.4,60366,0
2026-08-18 10:54:00,1303.3,1303.3,1302.0,1302.2,10442,0
2026-08-18 10:55:00,1302.5,1302.5,1301.0,1301.9,14501,0
2026-08-18 10:56:00,1301.9,1302.0,1301.0,1301.9,9337,0
2026-08-18 10:57:00,1301.9,1302.0,1301.5,1301.9,3105,0
2026-08-18 10:58:00,1301.8,1302.9,1301.4,1301.7,4133,0
2026-08-18 10:59:00,1302.1,1302.4,1301.2,1301.5,2429,0
2026-08-18 11:00:00,1301.5,1302.0,1299.0,1300.0,81700,0
2026-08-18 11:01:00,1300.0,1300.0,1299.2,1300.0,10473,0
2026-08-18 11:02:00,1300.0,1301.2,1299.3,1300.0,20454,0
2026-08-18 11:03:00,1300.0,1300.0,1299.0,1300.0,4861,0
2026-08-18 11:04:00,1300.0,1301.0,1299.8,1300.0,15402,0
2026-08-18 11:05:00,1300.0,1301.9,1299.9,1300.2,60104,0
2026-08-18 11:06:00,1300.3,1300.6,1298.3,1298.8,8967,0
2026-08-18 11:07:00,1298.8,1299.2,1298.3,1298.5,3199,0
2026-08-18 11:08:00,1298.9,1299.0,1297.7,1298.5,7204,0
2026-08-18 11:09:00,1298.5,1298.5,1298.0,1298.5,2954,0
2026-08-18 11:10:00,1298.5,1299.0,1298.1,1298.1,2685,0
2026-08-18 11:11:00,1298.6,1298.6,1298.0,1298.5,2536,0
2026-08-18 11:12:00,1298.5,1298.6,1298.2,1298.5,1921,0
2026-08-18 11:13:00,1298.5,1298.6,1298.0,1298.5,2526,0
2026-08-18 11:14:00,1298.5,1298.9,1298.0,1298.0,4054,0
2026-08-18 11:15:00,1298.4,1298.9,1298.4,1298.5,2052,0
2026-08-18 11:16:00,1298.6,1298.6,1297.9,1298.2,3575,0
2026-08-18 11:17:00,1298.2,1298.5,1297.9,1298.4,1422,0
2026-08-18 11:18:00,1298.4,1298.4,1298.0,1298.3,3087,0
2026-08-18 11:19:00,1298.3,1298.7,1297.8,1298.3,9748,0
2026-08-18 11:20:00,1298.3,1298.4,1298.0,1298.3,1480,0
2026-08-18 11:21:00,1298.3,1298.4,1297.5,1298.4,5400,0
2026-08-18 11:22:00,1298.4,1298.4,1298.0,1298.3,5860,0
2026-08-18 11:23:00,1298.4,1298.4,1297.5,1297.7,5520,0
2026-08-18 11:24:00,1298.0,1298.1,1297.1,1297.9,5292,0
2026-08-18 11:25:00,1297.9,1298.0,1297.2,1297.2,4887,0
2026-08-18 11:26:00,1297.5,1297.5,1296.7,1296.9,7173,0
2026-08-18 11:27:00,1297.1,1297.1,1296.5,1296.9,3339,0
2026-08-18 11:28:00,1296.9,1297.0,1296.6,1296.9,1831,0
2026-08-18 11:29:00,1296.9,1296.9,1296.0,1296.4,3828,0
2026-08-18 11:30:00,1296.9,1296.9,1296.1,1296.6,1251,0
2026-08-18 11:31:00,1296.6,1296.6,1296.0,1296.4,3839,0
2026-08-18 11:32:00,1296.4,1296.9,1296.0,1296.9,2205,0
2026-08-18 11:33:00,1296.9,1297.4,1296.8,1297.3,968,0
2026-08-18 11:34:00,1297.3,1297.9,1297.3,1297.9,1140,0
2026-08-18 11:35:00,1297.9,1298.5,1297.1,1297.4,4909,0
2026-08-18 11:36:00,1297.4,1299.5,1297.3,1299.3,9303,0
2026-08-18 11:37:00,1299.4,1299.4,1298.8,1299.0,1761,0
2026-08-18 11:38:00,1299.2,1299.3,1298.0,1298.0,5045,0
2026-08-18 11:39:00,1298.5,1298.6,1297.9,1298.2,1756,0
2026-08-18 11:40:00,1298.5,1298.7,1298.1,1298.5,1831,0
2026-08-18 11:41:00,1298.6,1299.0,1298.2,1298.8,974,0
2026-08-18 11:42:00,1298.9,1299.6,1298.2,1299.4,6765,0
2026-08-18 11:43:00,1299.4,1299.6,1298.3,1298.8,4685,0
2026-08-18 11:44:00,1298.8,1299.1,1298.3,1298.8,3399,0
2026-08-18 11:45:00,1298.9,1298.9,1298.5,1298.9,987,0
2026-08-18 11:46:00,1298.9,1298.9,1298.0,1298.0,2672,0
2026-08-18 11:47:00,1298.5,1299.2,1298.0,1299.0,2733,0
2026-08-18 11:48:00,1299.0,1299.0,1298.2,1298.4,2334,0
2026-08-18 11:49:00,1298.4,1298.6,1298.2,1298.6,907,0
2026-08-18 11:50:00,1298.6,1299.3,1298.6,1299.0,2666,0
2026-08-18 11:51:00,1299.0,1299.6,1298.9,1298.9,4047,0
2026-08-18 11:52:00,1298.9,1298.9,1298.4,1298.8,961,0
2026-08-18 11:53:00,1298.8,1298.8,1298.4,1298.5,374,0
2026-08-18 11:54:00,1298.7,1298.7,1297.7,1298.3,5320,0
2026-08-18 11:55:00,1298.3,1299.6,1298.1,1299.4,3172,0
2026-08-18 11:56:00,1299.4,1299.8,1299.0,1299.4,957,0
2026-08-18 11:57:00,1299.4,1299.9,1299.4,1299.9,1108,0
2026-08-18 11:58:00,1299.9,1300.0,1299.4,1299.9,3384,0
2026-08-18 11:59:00,1299.9,1300.0,1299.5,1299.7,1788,0
2026-08-18 12:00:00,1300.0,1300.0,1299.1,1299.5,498,0
2026-08-18 12:01:00,1299.5,1299.6,1299.0,1299.0,1889,0
2026-08-18 12:02:00,1299.3,1299.6,1298.6,1298.9,3085,0
2026-08-18 12:03:00,1298.9,1298.9,1298.5,1298.9,634,0
2026-08-18 12:04:00,1298.9,1298.9,1298.5,1298.8,828,0
2026-08-18 12:05:00,1298.5,1299.0,1298.3,1298.3,1907,0
2026-08-18 12:06:00,1298.8,1298.9,1298.3,1298.3,617,0
2026-08-18 12:07:00,1298.6,1299.5,1298.3,1299.3,1512,0
2026-08-18 12:08:00,1299.3,1299.4,1298.8,1299.3,411,0
2026-08-18 12:09:00,1299.4,1299.6,1299.2,1299.2,1701,0
2026-08-18 12:10:00,1299.4,1299.8,1299.1,1299.6,1726,0
2026-08-18 12:11:00,1299.6,1300.0,1299.0,1299.9,1540,0
2026-08-18 12:12:00,1299.9,1300.0,1299.4,1299.5,1883,0
2026-08-18 12:13:00,1299.9,1299.9,1299.1,1299.7,920,0
2026-08-18 12:14:00,1299.9,1299.9,1299.3,1299.8,417,0
2026-08-18 12:15:00,1299.8,1299.9,1299.2,1299.6,528,0
2026-08-18 12:16:00,1299.6,1299.8,1299.0,1299.0,2402,0
2026-08-18 12:17:00,1299.3,1299.5,1297.4,1298.0,7573,0
2026-08-18 12:18:00,1298.1,1298.4,1297.4,1297.7,715,0
2026-08-18 12:19:00,1297.7,1297.7,1297.0,1297.6,1035,0
2026-08-18 12:20:00,1297.6,1297.6,1297.0,1297.4,505,0
2026-08-18 12:21:00,1297.4,1297.4,1296.1,1296.9,3341,0
2026-08-18 12:22:00,1297.2,1297.2,1296.6,1297.0,1245,0
2026-08-18 12:23:00,1297.0,1297.0,1296.9,1297.0,688,0
2026-08-18 12:24:00,1297.0,1297.0,1296.5,1296.8,720,0
2026-08-18 12:25:00,1296.8,1296.8,1296.5,1296.8,480,0
2026-08-18 12:26:00,1296.8,1296.9,1296.1,1296.7,1435,0
2026-08-18 12:27:00,1296.7,1297.3,1296.2,1297.3,2751,0
2026-08-18 12:28:00,1297.3,1297.3,1296.9,1297.3,699,0
2026-08-18 12:29:00,1297.2,1297.3,1296.7,1297.0,2017,0
2026-08-18 12:30:00,1297.0,1297.8,1296.9,1296.9,5311,0
2026-08-18 12:31:00,1297.0,1298.0,1296.9,1297.0,4255,0
2026-08-18 12:32:00,1297.0,1297.9,1296.2,1297.0,8361,0
2026-08-18 12:33:00,1297.0,1297.0,1296.8,1297.0,441,0
2026-08-18 12:34:00,1297.0,1297.8,1297.0,1297.5,1874,0
2026-08-18 12:35:00,1297.6,1297.7,1297.0,1297.5,853,0
2026-08-18 12:36:00,1297.5,1297.6,1297.0,1297.5,696,0
2026-08-18 12:37:00,1297.6,1297.6,1297.0,1297.1,2621,0
2026-08-18 12:38:00,1297.1,1297.5,1296.9,1297.0,1035,0
2026-08-18 12:39:00,1297.0,1297.0,1296.8,1297.0,2329,0
2026-08-18 12:40:00,1297.0,1297.0,1296.8,1297.0,781,0
2026-08-18 12:41:00,1297.0,1297.0,1296.6,1297.0,859,0
2026-08-18 12:42:00,1297.0,1297.3,1296.7,1296.9,926,0
2026-08-18 12:43:00,1297.0,1298.0,1296.9,1297.4,1617,0
2026-08-18 12:44:00,1297.4,1297.9,1297.0,1297.5,2563,0
2026-08-18 12:45:00,1297.6,1297.8,1297.0,1297.6,1596,0
2026-08-18 12:46:00,1297.6,1297.9,1297.1,1297.8,2421,0
2026-08-18 12:47:00,1297.8,1297.9,1297.2,1297.6,562,0
2026-08-18 12:48:00,1297.6,1298.0,1297.4,1297.8,1431,0
2026-08-18 12:49:00,1297.8,1298.2,1297.0,1297.8,13624,0
2026-08-18 12:50:00,1298.0,1298.6,1296.5,1297.2,10357,0
2026-08-18 12:51:00,1297.2,1298.1,1296.5,1298.0,3970,0
2026-08-18 12:52:00,1298.0,1298.0,1297.5,1297.9,538,0
2026-08-18 12:53:00,1297.9,1297.9,1297.1,1297.4,1963,0
2026-08-18 12:54:00,1297.8,1298.0,1297.0,1297.7,8047,0
2026-08-18 12:55:00,1297.7,1298.3,1297.1,1297.9,1241,0
2026-08-18 12:56:00,1298.0,1298.3,1297.5,1298.0,1020,0
2026-08-18 12:57:00,1298.0,1298.5,1297.5,1297.9,2680,0
2026-08-18 12:58:00,1297.9,1298.3,1297.5,1298.3,1538,0
2026-08-18 12:59:00,1298.3,1298.3,1297.2,1297.8,3012,0
2026-08-18 13:00:00,1298.0,1298.0,1297.2,1297.7,636,0
2026-08-18 13:01:00,1297.7,1297.7,1296.8,1297.0,3380,0
2026-08-18 13:02:00,1297.0,1297.0,1296.7,1296.9,1001,0
2026-08-18 13:03:00,1296.9,1297.0,1296.8,1297.0,980,0
2026-08-18 13:04:00,1297.0,1297.7,1297.0,1297.5,4047,0
2026-08-18 13:05:00,1297.4,1297.8,1297.0,1297.8,1563,0
2026-08-18 13:06:00,1297.8,1298.0,1297.4,1297.9,1509,0
2026-08-18 13:07:00,1298.0,1298.1,1297.0,1298.0,11026,0
2026-08-18 13:08:00,1298.0,1298.2,1297.0,1298.1,9844,0
2026-08-18 13:09:00,1298.1,1298.7,1298.1,1298.7,1891,0
2026-08-18 13:10:00,1298.7,1298.8,1298.3,1298.7,1654,0
2026-08-18 13:11:00,1298.8,1299.6,1297.0,1299.4,28292,0
2026-08-18 13:12:00,1299.5,1300.0,1297.9,1299.5,21542,0
2026-08-18 13:13:00,1299.9,1300.0,1299.3,1299.9,8523,0
2026-08-18 13:14:00,1300.0,1300.7,1298.7,1300.0,40724,0
2026-08-18 13:15:00,1300.0,1300.1,1298.0,1298.5,22318,0
2026-08-18 13:16:00,1298.6,1299.4,1298.0,1298.9,4018,0
2026-08-18 13:17:00,1298.9,1299.5,1298.1,1298.8,3068,0
2026-08-18 13:18:00,1299.2,1299.5,1298.5,1298.8,4015,0
2026-08-18 13:19:00,1299.4,1299.4,1298.8,1299.3,858,0
2026-08-18 13:20:00,1299.3,1299.5,1298.8,1299.4,1257,0
2026-08-18 13:21:00,1299.4,1299.5,1298.8,1299.5,4509,0
2026-08-18 13:22:00,1299.5,1299.8,1298.8,1299.5,4172,0
2026-08-18 13:23:00,1299.4,1300.5,1298.9,1300.0,13321,0
2026-08-18 13:24:00,1300.0,1300.0,1299.4,1299.8,1404,0
2026-08-18 13:25:00,1299.8,1300.0,1299.4,1300.0,2145,0
2026-08-18 13:26:00,1300.0,1300.0,1299.6,1300.0,3443,0
2026-08-18 13:27:00,1300.0,1300.0,1298.9,1299.6,7529,0
2026-08-18 13:28:00,1299.8,1300.0,1299.2,1299.9,2696,0
2026-08-18 13:29:00,1300.0,1301.2,1299.6,1300.0,54977,0
2026-08-18 13:30:00,1300.0,1301.3,1299.6,1299.8,20741,0
2026-08-18 13:31:00,1299.9,1300.0,1298.4,1299.6,40001,0
2026-08-18 13:32:00,1299.6,1300.0,1298.9,1299.8,4830,0
2026-08-18 13:33:00,1299.8,1299.9,1299.1,1299.6,965,0
2026-08-18 13:34:00,1299.6,1300.0,1299.6,1299.8,1285,0
2026-08-18 13:35:00,1299.9,1299.9,1299.4,1299.7,912,0
2026-08-18 13:36:00,1299.7,1299.7,1298.4,1299.1,1439,0
2026-08-18 13:37:00,1299.1,1299.2,1298.3,1299.1,1889,0
2026-08-18 13:38:00,1299.1,1299.1,1298.6,1298.6,144,0
2026-08-18 13:39:00,1299.0,1299.0,1298.4,1298.7,1072,0
2026-08-18 13:40:00,1298.9,1298.9,1298.4,1298.4,384,0
2026-08-18 13:41:00,1298.8,1298.8,1298.2,1298.7,379,0
2026-08-18 13:42:00,1298.7,1299.9,1296.0,1296.6,17666,0
2026-08-18 13:43:00,1296.6,1296.6,1296.1,1296.4,718,0
2026-08-18 13:44:00,1296.4,1296.5,1295.7,1296.0,4566,0
2026-08-18 13:45:00,1296.0,1296.5,1295.7,1296.3,2474,0
2026-08-18 13:46:00,1296.3,1296.4,1295.7,1295.8,2181,0
2026-08-18 13:47:00,1295.9,1296.0,1295.6,1296.0,696,0
2026-08-18 13:48:00,1295.9,1296.2,1295.2,1296.2,3114,0
2026-08-18 13:49:00,1296.2,1296.5,1295.5,1296.0,2418,0
2026-08-18 13:50:00,1296.5,1296.9,1296.0,1296.9,1294,0
2026-08-18 13:51:00,1296.5,1296.6,1296.4,1296.6,254,0
2026-08-18 13:52:00,1296.6,1296.6,1295.6,1296.0,1304,0
2026-08-18 13:53:00,1296.0,1296.9,1295.8,1296.8,2253,0
2026-08-18 13:54:00,1296.8,1297.1,1296.5,1297.1,2963,0
2026-08-18 13:55:00,1297.1,1297.2,1296.6,1297.2,2277,0
2026-08-18 13:56:00,1297.2,1297.2,1296.3,1297.1,3004,0
2026-08-18 13:57:00,1297.1,1297.1,1296.3,1296.9,556,0
2026-08-18 13:58:00,1296.9,1297.4,1296.4,1297.0,3255,0
2026-08-18 13:59:00,1297.0,1297.2,1296.6,1297.1,782,0
2026-08-18 14:00:00,1297.1,1297.3,1296.0,1296.4,2198,0
2026-08-18 14:01:00,1296.4,1296.4,1295.5,1295.9,3981,0
2026-08-18 14:02:00,1295.9,1296.3,1295.4,1296.3,2002,0
2026-08-18 14:03:00,1296.3,1296.3,1296.0,1296.0,586,0
2026-08-18 14:04:00,1296.3,1296.4,1294.0,1296.4,111756,0
2026-08-18 14:05:00,1296.4,1296.5,1295.1,1295.9,4757,0
2026-08-18 14:06:00,1295.9,1295.9,1295.0,1295.5,1431,0
2026-08-18 14:07:00,1295.5,1295.8,1294.8,1295.5,4014,0
2026-08-18 14:08:00,1295.5,1295.7,1295.0,1295.6,2756,0
2026-08-18 14:09:00,1295.7,1295.8,1295.0,1295.2,1883,0
2026-08-18 14:10:00,1295.7,1295.7,1293.6,1294.4,15090,0
2026-08-18 14:11:00,1294.4,1294.6,1294.0,1294.3,4409,0
2026-08-18 14:12:00,1294.2,1294.3,1293.5,1293.7,4831,0
2026-08-18 14:13:00,1294.0,1294.2,1293.0,1293.6,7556,0
2026-08-18 14:14:00,1293.7,1293.9,1293.0,1293.6,3754,0
2026-08-18 14:15:00,1293.7,1293.9,1292.9,1293.4,5220,0
2026-08-18 14:16:00,1293.7,1293.8,1292.5,1293.0,47846,0
2026-08-18 14:17:00,1293.0,1294.5,1292.9,1293.8,41551,0
2026-08-18 14:18:00,1293.6,1293.9,1292.7,1293.3,9775,0
2026-08-18 14:19:00,1293.3,1293.8,1293.0,1293.6,7316,0
2026-08-18 14:20:00,1293.6,1294.4,1293.0,1293.9,11229,0
2026-08-18 14:21:00,1294.1,1294.3,1293.2,1293.2,7929,0
2026-08-18 14:22:00,1293.8,1294.1,1292.6,1293.6,10806,0
2026-08-18 14:23:00,1293.6,1293.9,1292.9,1293.7,8797,0
2026-08-18 14:24:00,1293.8,1293.8,1292.9,1293.5,5646,0
2026-08-18 14:25:00,1293.6,1293.7,1292.8,1293.5,5693,0
2026-08-18 14:26:00,1293.5,1293.5,1292.7,1293.3,3925,0
2026-08-18 14:27:00,1293.3,1294.5,1293.2,1294.0,7591,0
2026-08-18 14:28:00,1294.0,1294.3,1293.9,1294.0,4644,0
2026-08-18 14:29:00,1294.0,1294.6,1293.8,1294.6,15473,0
2026-08-18 14:30:00,1294.6,1294.8,1294.2,1294.4,9745,0
2026-08-18 14:31:00,1294.4,1295.1,1294.4,1294.6,24708,0
2026-08-18 14:32:00,1294.9,1296.0,1294.6,1295.7,47464,0
2026-08-18 14:33:00,1295.6,1296.0,1295.0,1295.4,8350,0
2026-08-18 14:34:00,1295.4,1296.8,1295.0,1295.4,41286,0
2026-08-18 14:35:00,1295.8,1296.0,1294.9,1295.9,8398,0
2026-08-18 14:36:00,1295.9,1297.8,1295.9,1296.8,41998,0
2026-08-18 14:37:00,1297.0,1297.5,1296.2,1296.8,4902,0
2026-08-18 14:38:00,1296.8,1296.9,1295.8,1296.1,3636,0
2026-08-18 14:39:00,1296.4,1296.4,1295.1,1295.4,10472,0
2026-08-18 14:40:00,1295.4,1296.4,1295.1,1296.4,9301,0
2026-08-18 14:41:00,1296.4,1297.2,1295.4,1296.3,11058,0
2026-08-18 14:42:00,1296.3,1296.6,1295.1,1296.0,7307,0
2026-08-18 14:43:00,1296.0,1296.3,1295.3,1295.9,3382,0
2026-08-18 14:44:00,1295.9,1296.2,1295.4,1296.0,4142,0
2026-08-18 14:45:00,1295.9,1296.4,1295.2,1296.0,6827,0
2026-08-18 14:46:00,1296.3,1298.2,1296.0,1297.7,23705,0
2026-08-18 14:47:00,1298.0,1298.0,1297.2,1297.6,5516,0
2026-08-18 14:48:00,1297.6,1297.9,1296.5,1297.4,5709,0
2026-08-18 14:49:00,1297.4,1298.1,1297.3,1297.3,6762,0
2026-08-18 14:50:00,1297.8,1298.4,1297.3,1298.4,6472,0
2026-08-18 14:51:00,1298.3,1298.8,1297.7,1298.1,13188,0
2026-08-18 14:52:00,1298.1,1298.5,1297.7,1298.2,15449,0
2026-08-18 14:53:00,1298.4,1298.4,1298.0,1298.1,4031,0
2026-08-18 14:54:00,1298.1,1298.3,1297.5,1298.0,6933,0
2026-08-18 14:55:00,1298.3,1298.5,1298.0,1298.2,8273,0
2026-08-18 14:56:00,1298.4,1298.8,1298.1,1298.5,8290,0
2026-08-18 14:57:00,1298.7,1298.8,1298.2,1298.7,5975,0
2026-08-18 14:58:00,1298.7,1299.5,1298.4,1298.8,14738,0
2026-08-18 14:59:00,1299.0,1299.0,1298.2,1298.7,10130,0
2026-08-18 15:00:00,1298.6,1299.4,1298.0,1299.4,19635,0
2026-08-18 15:01:00,1299.4,1299.7,1298.7,1299.5,10806,0
2026-08-18 15:02:00,1299.5,1299.5,1298.5,1299.1,10138,0
2026-08-18 15:03:00,1299.1,1299.1,1297.9,1297.9,11041,0
2026-08-18 15:04:00,1298.0,1298.5,1297.4,1297.4,11295,0
2026-08-18 15:05:00,1297.8,1299.0,1296.9,1298.5,25265,0
2026-08-18 15:06:00,1298.1,1299.2,1298.1,1299.0,23923,0
2026-08-18 15:07:00,1299.0,1300.0,1298.9,1300.0,18777,0
2026-08-18 15:08:00,1300.0,1300.5,1299.4,1300.0,32079,0
2026-08-18 15:09:00,1300.0,1300.9,1299.6,1300.0,25584,0
2026-08-18 15:10:00,1299.6,1300.0,1298.3,1299.3,12996,0
2026-08-18 15:11:00,1299.3,1299.9,1298.0,1298.7,18805,0
2026-08-18 15:12:00,1298.7,1299.4,1296.5,1299.3,41013,0
2026-08-18 15:13:00,1299.3,1299.3,1296.8,1297.8,39757,0
2026-08-18 15:14:00,1297.4,1300.0,1295.0,1295.0,23526,0
2026-08-18 15:15:00,1295.0,1295.0,1295.0,1295.0,0,0
2026-08-18 15:16:00,1295.0,1295.0,1295.0,1295.0,0,0
2026-08-18 15:17:00,1295.0,1295.0,1295.0,1295.0,0,0
2026-08-18 15:18:00,1295.0,1295.0,1295.0,1295.0,0,0
2026-08-18 15:19:00,1295.0,1295.0,1295.0,1295.0,0,0
2026-08-18 15:20:00,1295.0,1295.0,1295.0,1295.0,0,0
2026-08-18 15:21:00,1295.0,1295.0,1295.0,1295.0,0,0
2026-08-18 15:22:00,1295.0,1295.0,1295.0,1295.0,0,0
2026-08-18 15:23:00,1295.0,1295.0,1295.0,1295.0,0,0
2026-08-18 15:24:00,1295.0,1295.0,1295.0,1295.0,0,0
2026-08-18 15:25:00,1295.0,1295.0,1295.0,1295.0,0,0
2026-08-18 15:26:00,1295.0,1295.0,1295.0,1295.0,0,0
2026-08-18 15:27:00,1295.0,1295.0,1295.0,1295.0,0,0
2026-08-18 15:28:00,1295.0,1295.0,1295.0,1295.0,0,0
2026-08-18 15:29:00,1298.0,1298.0,1298.0,1298.0,259730,0
