Date,Open,High,Low,Close,Volume,OpenInterest
2026-09-22 09:15:00,3225.1,3310.0,3225.1,3303.4,28298,0
2026-09-22 09:16:00,3303.0,3313.4,3284.1,3310.0,10357,0
2026-09-22 09:17:00,3311.2,3338.0,3309.8,3323.6,28073,0
2026-09-22 09:18:00,3323.6,3348.0,3297.0,3315.0,31587,0
2026-09-22 09:19:00,3314.7,3317.6,3305.0,3312.5,7287,0
2026-09-22 09:20:00,3313.9,3321.7,3297.5,3307.7,10879,0
2026-09-22 09:21:00,3306.9,3315.0,3304.7,3312.7,8405,0
2026-09-22 09:22:00,3312.7,3313.3,3307.1,3307.1,3035,0
2026-09-22 09:23:00,3307.0,3328.1,3304.2,3321.9,11469,0
2026-09-22 09:24:00,3321.7,3328.9,3319.2,3328.0,13100,0
2026-09-22 09:25:00,3328.0,3338.0,3306.1,3309.0,19086,0
2026-09-22 09:26:00,3309.0,3309.7,3285.0,3294.7,9885,0
2026-09-22 09:27:00,3293.3,3295.5,3287.3,3289.0,5244,0
2026-09-22 09:28:00,3287.9,3291.4,3279.0,3281.2,6301,0
2026-09-22 09:29:00,3280.0,3288.4,3275.1,3287.8,3656,0
2026-09-22 09:30:00,3286.5,3291.6,3282.5,3289.5,2939,0
2026-09-22 09:31:00,3288.7,3294.0,3278.9,3280.6,4427,0
2026-09-22 09:32:00,3280.6,3295.9,3278.8,3295.9,2885,0
2026-09-22 09:33:00,3295.9,3296.0,3284.0,3284.1,1247,0
2026-09-22 09:34:00,3284.3,3287.4,3280.8,3285.0,1631,0
2026-09-22 09:35:00,3286.3,3288.8,3283.4,3287.1,1044,0
2026-09-22 09:36:00,3288.9,3290.0,3287.4,3289.7,1988,0
2026-09-22 09:37:00,3289.8,3291.0,3286.5,3286.5,1440,0
2026-09-22 09:38:00,3286.4,3286.4,3283.0,3284.9,1651,0
2026-09-22 09:39:00,3283.7,3284.4,3278.3,3278.4,2606,0
2026-09-22 09:40:00,3278.4,3278.9,3275.1,3277.1,1517,0
2026-09-22 09:41:00,3278.0,3283.8,3278.0,3281.1,485,0
2026-09-22 09:42:00,3280.9,3283.2,3278.6,3280.7,1705,0
2026-09-22 09:43:00,3280.0,3280.0,3276.8,3277.6,748,0
2026-09-22 09:44:00,3277.6,3279.5,3276.9,3279.0,687,0
2026-09-22 09:45:00,3279.0,3284.6,3275.5,3282.8,1636,0
2026-09-22 09:46:00,3284.5,3293.3,3280.6,3290.4,2146,0
2026-09-22 09:47:00,3291.5,3300.0,3287.9,3297.5,5602,0
2026-09-22 09:48:00,3296.3,3307.8,3293.1,3299.0,9294,0
2026-09-22 09:49:00,3298.1,3302.8,3296.0,3301.8,1770,0
2026-09-22 09:50:00,3301.8,3303.4,3292.9,3296.5,2508,0
2026-09-22 09:51:00,3294.9,3299.0,3293.2,3298.5,1647,0
2026-09-22 09:52:00,3297.3,3299.0,3294.2,3296.4,1612,0
2026-09-22 09:53:00,3297.6,3298.8,3294.6,3295.7,792,0
2026-09-22 09:54:00,3296.0,3299.0,3295.2,3295.4,2047,0
2026-09-22 09:55:00,3295.4,3299.0,3292.4,3297.1,1360,0
2026-09-22 09:56:00,3297.1,3298.8,3294.7,3294.7,795,0
2026-09-22 09:57:00,3294.7,3295.2,3292.8,3294.0,1052,0
2026-09-22 09:58:00,3294.3,3296.0,3286.4,3295.4,4521,0
2026-09-22 09:59:00,3295.8,3306.0,3287.9,3304.7,7242,0
2026-09-22 10:00:00,3302.1,3303.0,3300.3,3301.0,1065,0
2026-09-22 10:01:00,3301.0,3303.0,3300.4,3302.5,1238,0
2026-09-22 10:02:00,3302.5,3302.8,3300.3,3301.2,940,0
2026-09-22 10:03:00,3302.3,3302.3,3300.1,3300.7,668,0
2026-09-22 10:04:00,3300.9,3302.0,3300.0,3300.9,433,0
2026-09-22 10:05:00,3300.7,3301.9,3299.0,3299.5,1538,0
2026-09-22 10:06:00,3300.3,3302.0,3297.1,3297.1,1279,0
2026-09-22 10:07:00,3297.1,3301.0,3290.6,3300.0,2088,0
2026-09-22 10:08:00,3299.3,3300.0,3296.5,3299.6,1369,0
2026-09-22 10:09:00,3297.6,3299.8,3297.0,3297.0,480,0
2026-09-22 10:10:00,3297.0,3298.2,3296.8,3297.3,331,0
2026-09-22 10:11:00,3297.3,3299.0,3296.1,3296.5,1443,0
2026-09-22 10:12:00,3296.9,3297.8,3292.4,3296.0,1931,0
2026-09-22 10:13:00,3296.0,3296.8,3294.5,3296.6,560,0
2026-09-22 10:14:00,3294.6,3296.7,3293.3,3296.0,722,0
2026-09-22 10:15:00,3295.9,3301.0,3294.4,3297.7,1558,0
2026-09-22 10:16:00,3298.2,3298.5,3294.4,3294.4,849,0
2026-09-22 10:17:00,3294.4,3300.0,3293.9,3299.0,1379,0
2026-09-22 10:18:00,3299.0,3303.0,3299.0,3301.3,1662,0
2026-09-22 10:19:00,3301.3,3301.9,3300.2,3300.2,574,0
2026-09-22 10:20:00,3300.7,3300.7,3297.8,3297.8,413,0
2026-09-22 10:21:00,3297.8,3301.0,3296.7,3298.8,1147,0
2026-09-22 10:22:00,3300.2,3302.0,3298.8,3300.1,1522,0
2026-09-22 10:23:00,3300.5,3306.0,3300.5,3304.2,1205,0
2026-09-22 10:24:00,3304.2,3309.9,3303.1,3303.6,2622,0
2026-09-22 10:25:00,3305.1,3305.4,3303.6,3304.8,292,0
2026-09-22 10:26:00,3304.8,3306.0,3303.3,3304.1,1000,0
2026-09-22 10:27:00,3303.3,3303.7,3299.3,3301.6,775,0
2026-09-22 10:28:00,3303.0,3303.4,3301.5,3303.0,615,0
2026-09-22 10:29:00,3302.3,3303.0,3301.2,3302.5,396,0
2026-09-22 10:30:00,3301.0,3301.6,3300.0,3301.4,982,0
2026-09-22 10:31:00,3300.8,3303.0,3300.1,3303.0,587,0
2026-09-22 10:32:00,3303.0,3303.0,3301.2,3302.0,195,0
2026-09-22 10:33:00,3301.1,3301.9,3300.0,3300.0,442,0
2026-09-22 10:34:00,3300.7,3301.6,3294.6,3297.8,1013,0
2026-09-22 10:35:00,3297.1,3298.5,3294.0,3298.3,1909,0
2026-09-22 10:36:00,3296.7,3298.5,3295.2,3298.0,390,0
2026-09-22 10:37:00,3297.4,3298.0,3296.5,3296.8,491,0
2026-09-22 10:38:00,3297.4,3298.0,3293.1,3297.5,1469,0
2026-09-22 10:39:00,3296.0,3297.3,3293.1,3294.3,750,0
2026-09-22 10:40:00,3295.0,3297.6,3293.6,3295.1,880,0
2026-09-22 10:41:00,3295.5,3296.8,3293.0,3295.9,623,0
2026-09-22 10:42:00,3295.0,3296.0,3293.0,3295.8,862,0
2026-09-22 10:43:00,3295.2,3296.0,3292.8,3295.7,945,0
2026-09-22 10:44:00,3295.0,3296.5,3272.7,3287.7,6561,0
2026-09-22 10:45:00,3287.5,3294.7,3285.6,3294.3,3658,0
2026-09-22 10:46:00,3295.0,3296.2,3291.1,3294.2,1156,0
2026-09-22 10:47:00,3294.7,3296.0,3293.6,3295.1,1363,0
2026-09-22 10:48:00,3295.7,3295.9,3293.8,3293.8,425,0
2026-09-22 10:49:00,3295.1,3295.4,3293.8,3295.0,151,0
2026-09-22 10:50:00,3295.1,3297.3,3294.1,3296.9,1233,0
2026-09-22 10:51:00,3298.0,3302.0,3298.0,3301.0,1158,0
2026-09-22 10:52:00,3301.0,3301.0,3295.4,3295.4,1088,0
2026-09-22 10:53:00,3297.0,3299.0,3295.4,3297.6,421,0
2026-09-22 10:54:00,3299.0,3299.0,3297.5,3298.0,283,0
2026-09-22 10:55:00,3299.0,3299.0,3296.0,3296.7,472,0
2026-09-22 10:56:00,3297.2,3297.2,3290.0,3296.7,1315,0
2026-09-22 10:57:00,3295.7,3296.5,3294.3,3296.5,172,0
2026-09-22 10:58:00,3296.0,3296.5,3294.9,3296.5,820,0
2026-09-22 10:59:00,3296.5,3298.0,3295.3,3296.5,424,0
2026-09-22 11:00:00,3297.8,3298.0,3295.8,3295.8,224,0
2026-09-22 11:01:00,3296.8,3296.8,3294.0,3295.3,410,0
2026-09-22 11:02:00,3295.3,3296.4,3292.9,3294.9,287,0
2026-09-22 11:03:00,3296.3,3296.5,3293.9,3296.5,336,0
2026-09-22 11:04:00,3296.5,3297.0,3295.3,3297.0,85,0
2026-09-22 11:05:00,3297.0,3297.0,3295.3,3295.3,187,0
2026-09-22 11:06:00,3295.6,3296.0,3293.4,3296.0,459,0
2026-09-22 11:07:00,3296.0,3296.0,3293.9,3296.0,321,0
2026-09-22 11:08:00,3296.0,3296.7,3294.4,3295.0,80,0
2026-09-22 11:09:00,3295.9,3296.0,3294.2,3294.4,444,0
2026-09-22 11:10:00,3295.5,3296.4,3294.0,3295.0,432,0
2026-09-22 11:11:00,3295.9,3296.2,3294.0,3295.8,608,0
2026-09-22 11:12:00,3296.0,3296.7,3294.6,3295.5,639,0
2026-09-22 11:13:00,3296.0,3296.5,3294.8,3294.8,137,0
2026-09-22 11:14:00,3295.4,3296.7,3294.7,3295.0,382,0
2026-09-22 11:15:00,3295.7,3297.5,3295.4,3296.0,433,0
2026-09-22 11:16:00,3296.5,3298.0,3294.7,3298.0,707,0
2026-09-22 11:17:00,3298.0,3298.0,3297.0,3297.0,138,0
2026-09-22 11:18:00,3298.0,3298.6,3297.0,3297.2,245,0
2026-09-22 11:19:00,3298.1,3298.2,3296.9,3297.4,214,0
2026-09-22 11:20:00,3297.5,3297.6,3294.3,3295.9,750,0
2026-09-22 11:21:00,3297.4,3297.4,3295.0,3295.5,156,0
2026-09-22 11:22:00,3297.0,3298.0,3295.5,3297.9,283,0
2026-09-22 11:23:00,3297.8,3298.0,3296.0,3297.2,156,0
2026-09-22 11:24:00,3297.2,3297.9,3296.0,3297.0,155,0
2026-09-22 11:25:00,3297.0,3298.0,3296.2,3296.8,419,0
2026-09-22 11:26:00,3298.0,3298.0,3295.2,3297.0,331,0
2026-09-22 11:27:00,3297.0,3297.0,3296.1,3296.1,140,0
2026-09-22 11:28:00,3296.2,3296.2,3294.6,3294.7,202,0
2026-09-22 11:29:00,3295.5,3295.5,3293.6,3295.0,274,0
2026-09-22 11:30:00,3295.1,3297.0,3294.0,3294.9,337,0
2026-09-22 11:31:00,3296.5,3297.0,3294.3,3294.3,156,0
2026-09-22 11:32:00,3295.9,3296.0,3294.3,3294.8,171,0
2026-09-22 11:33:00,3296.3,3296.4,3294.5,3294.9,338,0
2026-09-22 11:34:00,3295.3,3295.9,3294.7,3295.0,309,0
2026-09-22 11:35:00,3295.8,3297.1,3294.6,3296.9,308,0
2026-09-22 11:36:00,3296.8,3297.6,3290.6,3294.2,2621,0
2026-09-22 11:37:00,3295.6,3296.4,3290.0,3294.0,2924,0
2026-09-22 11:38:00,3293.5,3296.3,3290.1,3292.1,1086,0
2026-09-22 11:39:00,3292.8,3295.0,3286.9,3290.2,598,0
2026-09-22 11:40:00,3290.8,3291.3,3289.3,3291.0,365,0
2026-09-22 11:41:00,3291.0,3295.0,3290.5,3292.0,525,0
2026-09-22 11:42:00,3291.4,3293.0,3291.1,3291.1,178,0
2026-09-22 11:43:00,3291.1,3292.0,3287.3,3290.0,420,0
2026-09-22 11:44:00,3289.4,3290.0,3288.5,3288.6,88,0
2026-09-22 11:45:00,3289.3,3290.0,3287.7,3289.3,203,0
2026-09-22 11:46:00,3288.7,3291.2,3287.7,3290.2,650,0
2026-09-22 11:47:00,3290.0,3291.1,3288.8,3290.0,184,0
2026-09-22 11:48:00,3290.0,3291.5,3281.0,3289.9,4726,0
2026-09-22 11:49:00,3290.0,3291.1,3285.3,3286.4,1174,0
2026-09-22 11:50:00,3287.2,3287.8,3282.3,3287.0,754,0
2026-09-22 11:51:00,3285.5,3288.0,3283.1,3283.1,780,0
2026-09-22 11:52:00,3283.9,3285.8,3283.1,3284.5,196,0
2026-09-22 11:53:00,3285.8,3287.0,3284.5,3287.0,392,0
2026-09-22 11:54:00,3287.0,3287.0,3285.2,3285.3,165,0
2026-09-22 11:55:00,3285.6,3285.6,3282.7,3284.9,360,0
2026-09-22 11:56:00,3284.9,3285.6,3282.8,3285.6,518,0
2026-09-22 11:57:00,3285.0,3285.0,3283.0,3285.0,291,0
2026-09-22 11:58:00,3285.0,3288.9,3285.0,3288.9,654,0
2026-09-22 11:59:00,3288.9,3289.6,3287.8,3288.1,89,0
2026-09-22 12:00:00,3289.2,3291.0,3288.1,3291.0,497,0
2026-09-22 12:01:00,3291.0,3296.0,3291.0,3295.6,1133,0
2026-09-22 12:02:00,3295.5,3295.5,3294.0,3294.9,77,0
2026-09-22 12:03:00,3295.0,3295.0,3292.7,3293.7,494,0
2026-09-22 12:04:00,3294.0,3295.0,3288.0,3293.0,2170,0
2026-09-22 12:05:00,3294.5,3298.0,3294.3,3296.8,1554,0
2026-09-22 12:06:00,3296.8,3296.8,3295.1,3296.0,570,0
2026-09-22 12:07:00,3296.4,3296.5,3291.3,3294.2,382,0
2026-09-22 12:08:00,3293.8,3293.8,3293.8,3293.8,60,0
2026-09-22 12:09:00,3293.8,3294.0,3290.7,3291.0,564,0
2026-09-22 12:10:00,3292.5,3293.4,3291.5,3291.5,78,0
2026-09-22 12:11:00,3293.1,3293.7,3291.5,3291.6,78,0
2026-09-22 12:12:00,3293.1,3293.1,3291.0,3292.7,101,0
2026-09-22 12:13:00,3292.7,3292.8,3291.0,3291.2,217,0
2026-09-22 12:14:00,3292.7,3293.9,3291.0,3293.1,256,0
2026-09-22 12:15:00,3292.5,3293.1,3279.7,3284.4,1695,0
2026-09-22 12:16:00,3285.9,3287.9,3274.1,3283.8,3768,0
2026-09-22 12:17:00,3285.4,3286.9,3285.1,3286.0,166,0
2026-09-22 12:18:00,3286.0,3288.0,3285.1,3286.7,258,0
2026-09-22 12:19:00,3286.9,3286.9,3257.9,3259.3,6182,0
2026-09-22 12:20:00,3259.0,3263.2,3255.6,3260.0,1718,0
2026-09-22 12:21:00,3260.5,3261.9,3255.6,3258.1,2954,0
2026-09-22 12:22:00,3259.7,3261.4,3257.9,3259.2,1427,0
2026-09-22 12:23:00,3258.9,3261.9,3256.8,3261.9,587,0
2026-09-22 12:24:00,3263.8,3267.6,3256.2,3264.8,4736,0
2026-09-22 12:25:00,3264.4,3264.8,3261.5,3263.6,876,0
2026-09-22 12:26:00,3263.7,3263.7,3253.0,3254.8,2184,0
2026-09-22 12:27:00,3256.1,3256.1,3253.0,3254.7,787,0
2026-09-22 12:28:00,3254.7,3255.8,3246.1,3246.8,3130,0
2026-09-22 12:29:00,3248.1,3248.4,3242.2,3243.4,2521,0
2026-09-22 12:30:00,3244.5,3246.2,3243.3,3245.4,971,0
2026-09-22 12:31:00,3245.7,3247.9,3245.3,3246.5,521,0
2026-09-22 12:32:00,3246.3,3248.3,3245.5,3246.9,617,0
2026-09-22 12:33:00,3246.9,3249.0,3245.0,3245.0,1084,0
2026-09-22 12:34:00,3245.9,3247.1,3245.9,3246.2,148,0
2026-09-22 12:35:00,3247.1,3247.1,3246.6,3246.6,87,0
2026-09-22 12:36:00,3246.6,3246.6,3242.0,3243.9,1381,0
2026-09-22 12:37:00,3245.0,3248.7,3245.0,3246.7,560,0
2026-09-22 12:38:00,3246.9,3267.0,3245.1,3267.0,2257,0
2026-09-22 12:39:00,3266.0,3266.9,3265.1,3265.1,442,0
2026-09-22 12:40:00,3265.8,3268.8,3264.6,3267.2,1348,0
2026-09-22 12:41:00,3268.8,3268.8,3266.4,3267.4,963,0
2026-09-22 12:42:00,3266.4,3267.9,3263.1,3266.9,907,0
2026-09-22 12:43:00,3267.1,3267.7,3265.3,3266.8,113,0
2026-09-22 12:44:00,3266.8,3266.8,3258.1,3259.1,2162,0
2026-09-22 12:45:00,3258.8,3258.8,3253.8,3258.2,414,0
2026-09-22 12:46:00,3258.6,3261.4,3258.5,3261.4,558,0
2026-09-22 12:47:00,3261.4,3262.6,3258.0,3258.0,596,0
2026-09-22 12:48:00,3259.0,3259.3,3255.0,3257.0,700,0
2026-09-22 12:49:00,3258.7,3259.6,3257.4,3257.4,119,0
2026-09-22 12:50:00,3258.5,3258.6,3255.7,3257.6,566,0
2026-09-22 12:51:00,3259.1,3259.6,3258.0,3259.6,80,0
2026-09-22 12:52:00,3259.6,3259.9,3258.9,3258.9,293,0
2026-09-22 12:53:00,3259.8,3261.0,3259.5,3260.8,204,0
2026-09-22 12:54:00,3262.0,3263.2,3258.7,3259.0,756,0
2026-09-22 12:55:00,3260.0,3263.5,3260.0,3263.4,384,0
2026-09-22 12:56:00,3263.4,3265.8,3257.1,3257.8,1508,0
2026-09-22 12:57:00,3260.5,3263.0,3260.5,3262.0,231,0
2026-09-22 12:58:00,3262.9,3262.9,3260.6,3260.6,268,0
2026-09-22 12:59:00,3261.7,3261.7,3260.3,3260.6,186,0
2026-09-22 13:00:00,3260.6,3260.8,3258.3,3258.3,583,0
2026-09-22 13:01:00,3259.7,3260.0,3258.6,3258.7,173,0
2026-09-22 13:02:00,3259.6,3259.6,3259.5,3259.5,102,0
2026-09-22 13:03:00,3259.5,3259.7,3255.1,3256.5,806,0
2026-09-22 13:04:00,3256.5,3258.0,3256.5,3258.0,79,0
2026-09-22 13:05:00,3258.0,3258.0,3257.1,3258.0,189,0
2026-09-22 13:06:00,3259.5,3260.0,3258.2,3258.4,326,0
2026-09-22 13:07:00,3259.8,3259.9,3258.2,3258.2,237,0
2026-09-22 13:08:00,3259.5,3260.0,3256.7,3259.5,749,0
2026-09-22 13:09:00,3260.0,3260.8,3258.2,3260.5,193,0
2026-09-22 13:10:00,3260.5,3260.5,3258.9,3260.0,233,0
2026-09-22 13:11:00,3260.1,3260.4,3259.2,3260.4,171,0
2026-09-22 13:12:00,3260.4,3263.0,3260.4,3263.0,213,0
2026-09-22 13:13:00,3262.3,3263.0,3259.1,3259.1,800,0
2026-09-22 13:14:00,3259.2,3259.2,3255.0,3257.0,1505,0
2026-09-22 13:15:00,3257.7,3258.3,3256.1,3257.7,119,0
2026-09-22 13:16:00,3257.6,3257.6,3254.8,3254.8,420,0
2026-09-22 13:17:00,3255.8,3256.3,3253.2,3253.3,618,0
2026-09-22 13:18:00,3253.2,3255.8,3252.8,3254.6,315,0
2026-09-22 13:19:00,3255.8,3257.5,3254.7,3256.7,493,0
2026-09-22 13:20:00,3256.8,3257.4,3252.5,3254.5,1278,0
2026-09-22 13:21:00,3254.4,3254.5,3253.1,3254.0,54,0
2026-09-22 13:22:00,3254.0,3254.0,3252.0,3252.1,314,0
2026-09-22 13:23:00,3253.3,3253.4,3251.3,3252.5,395,0
2026-09-22 13:24:00,3252.4,3252.5,3245.6,3252.1,1720,0
2026-09-22 13:25:00,3252.1,3252.5,3251.2,3252.5,191,0
2026-09-22 13:26:00,3251.3,3252.4,3250.2,3250.3,429,0
2026-09-22 13:27:00,3250.2,3252.0,3249.4,3252.0,479,0
2026-09-22 13:28:00,3252.0,3254.6,3248.6,3251.0,889,0
2026-09-22 13:29:00,3252.3,3252.6,3252.3,3252.5,42,0
2026-09-22 13:30:00,3252.5,3252.5,3250.7,3250.7,144,0
2026-09-22 13:31:00,3251.1,3251.6,3249.3,3250.1,1274,0
2026-09-22 13:32:00,3251.6,3253.9,3251.6,3252.9,113,0
2026-09-22 13:33:00,3252.9,3256.2,3252.3,3255.8,1658,0
2026-09-22 13:34:00,3255.8,3256.1,3253.8,3256.1,238,0
2026-09-22 13:35:00,3256.1,3257.4,3254.2,3255.9,556,0
2026-09-22 13:36:00,3256.0,3256.3,3253.8,3253.8,332,0
2026-09-22 13:37:00,3254.8,3254.8,3253.2,3253.9,213,0
2026-09-22 13:38:00,3253.7,3253.7,3252.5,3252.5,498,0
2026-09-22 13:39:00,3253.0,3253.0,3251.7,3251.9,220,0
2026-09-22 13:40:00,3252.0,3255.0,3251.3,3253.8,403,0
2026-09-22 13:41:00,3255.1,3256.2,3254.1,3255.6,412,0
2026-09-22 13:42:00,3255.8,3258.8,3255.6,3258.0,490,0
2026-09-22 13:43:00,3258.0,3258.8,3255.0,3255.0,885,0
2026-09-22 13:44:00,3255.5,3255.7,3254.0,3255.0,120,0
2026-09-22 13:45:00,3255.0,3255.1,3252.2,3253.5,501,0
2026-09-22 13:46:00,3253.5,3253.6,3252.5,3252.5,463,0
2026-09-22 13:47:00,3253.0,3253.1,3252.3,3252.6,150,0
2026-09-22 13:48:00,3252.6,3252.7,3251.3,3251.3,410,0
2026-09-22 13:49:00,3251.7,3251.7,3248.0,3249.1,562,0
2026-09-22 13:50:00,3250.7,3251.9,3248.6,3248.9,253,0
2026-09-22 13:51:00,3249.8,3250.7,3248.5,3249.8,220,0
2026-09-22 13:52:00,3249.8,3250.7,3240.2,3247.6,1235,0
2026-09-22 13:53:00,3248.3,3248.3,3245.4,3245.4,336,0
2026-09-22 13:54:00,3245.9,3249.0,3245.0,3248.1,337,0
2026-09-22 13:55:00,3248.1,3250.6,3246.4,3247.5,749,0
2026-09-22 13:56:00,3247.9,3248.6,3244.2,3244.2,625,0
2026-09-22 13:57:00,3245.4,3246.2,3238.0,3241.1,1875,0
2026-09-22 13:58:00,3242.7,3244.4,3240.8,3243.9,737,0
2026-09-22 13:59:00,3243.9,3244.4,3239.6,3241.4,690,0
2026-09-22 14:00:00,3241.6,3241.9,3235.0,3238.0,1112,0
2026-09-22 14:01:00,3238.0,3240.7,3237.5,3240.6,1162,0
2026-09-22 14:02:00,3240.6,3240.6,3235.8,3237.7,828,0
2026-09-22 14:03:00,3239.4,3240.0,3237.9,3238.2,92,0
2026-09-22 14:04:00,3238.4,3239.4,3233.1,3235.8,1192,0
2026-09-22 14:05:00,3236.8,3237.9,3236.5,3237.9,304,0
2026-09-22 14:06:00,3237.0,3237.0,3234.4,3235.2,689,0
2026-09-22 14:07:00,3234.8,3235.8,3234.7,3235.8,212,0
2026-09-22 14:08:00,3236.3,3236.7,3235.6,3236.7,328,0
2026-09-22 14:09:00,3236.8,3238.0,3236.7,3237.8,261,0
2026-09-22 14:10:00,3238.0,3241.9,3238.0,3240.6,681,0
2026-09-22 14:11:00,3241.1,3241.2,3239.6,3240.2,123,0
2026-09-22 14:12:00,3240.2,3242.0,3240.0,3241.6,724,0
2026-09-22 14:13:00,3242.2,3244.5,3241.6,3244.0,572,0
2026-09-22 14:14:00,3244.2,3252.7,3242.9,3252.7,881,0
2026-09-22 14:15:00,3252.8,3256.0,3250.0,3251.3,1233,0
2026-09-22 14:16:00,3250.0,3250.0,3248.9,3248.9,256,0
2026-09-22 14:17:00,3249.0,3251.4,3248.9,3251.4,530,0
2026-09-22 14:18:00,3252.2,3252.2,3248.4,3249.2,633,0
2026-09-22 14:19:00,3248.6,3249.0,3248.1,3248.1,180,0
2026-09-22 14:20:00,3248.7,3253.3,3248.1,3253.3,641,0
2026-09-22 14:21:00,3253.3,3253.4,3250.6,3251.2,1026,0
2026-09-22 14:22:00,3251.2,3253.0,3250.6,3252.7,405,0
2026-09-22 14:23:00,3254.3,3255.0,3252.2,3252.2,608,0
2026-09-22 14:24:00,3252.0,3254.0,3250.4,3252.7,274,0
2026-09-22 14:25:00,3252.1,3252.1,3249.0,3252.1,630,0
2026-09-22 14:26:00,3251.1,3251.5,3250.6,3251.5,108,0
2026-09-22 14:27:00,3251.5,3251.5,3250.1,3251.5,237,0
2026-09-22 14:28:00,3251.5,3254.6,3249.4,3253.2,778,0
2026-09-22 14:29:00,3254.7,3255.0,3253.3,3255.0,177,0
2026-09-22 14:30:00,3255.0,3257.7,3254.6,3254.6,605,0
2026-09-22 14:31:00,3255.0,3255.2,3253.6,3253.8,558,0
2026-09-22 14:32:00,3253.8,3256.0,3252.3,3255.9,412,0
2026-09-22 14:33:00,3255.0,3255.6,3254.6,3255.1,152,0
2026-09-22 14:34:00,3255.3,3255.3,3253.4,3253.4,367,0
2026-09-22 14:35:00,3253.4,3258.2,3253.3,3258.2,489,0
2026-09-22 14:36:00,3257.6,3259.9,3256.1,3259.9,848,0
2026-09-22 14:37:00,3259.6,3260.6,3256.6,3257.0,909,0
2026-09-22 14:38:00,3258.0,3258.5,3257.6,3258.4,85,0
2026-09-22 14:39:00,3258.4,3258.4,3256.9,3256.9,102,0
2026-09-22 14:40:00,3257.7,3259.7,3256.2,3259.7,713,0
2026-09-22 14:41:00,3259.5,3259.9,3258.1,3258.3,175,0
2026-09-22 14:42:00,3258.3,3259.9,3258.3,3259.9,421,0
2026-09-22 14:43:00,3259.9,3259.9,3259.1,3259.5,462,0
2026-09-22 14:44:00,3259.5,3261.6,3258.5,3258.5,1805,0
2026-09-22 14:45:00,3259.9,3265.0,3257.7,3265.0,809,0
2026-09-22 14:46:00,3264.8,3264.8,3263.4,3264.2,646,0
2026-09-22 14:47:00,3263.4,3264.4,3262.8,3262.9,248,0
2026-09-22 14:48:00,3262.9,3264.0,3262.9,3263.0,404,0
2026-09-22 14:49:00,3264.0,3264.2,3262.8,3263.7,924,0
2026-09-22 14:50:00,3262.8,3269.9,3262.8,3269.1,1677,0
2026-09-22 14:51:00,3267.7,3268.8,3266.0,3267.0,712,0
2026-09-22 14:52:00,3266.5,3266.5,3263.9,3265.6,630,0
2026-09-22 14:53:00,3266.8,3267.1,3265.9,3265.9,50,0
2026-09-22 14:54:00,3265.9,3266.8,3264.6,3266.8,656,0
2026-09-22 14:55:00,3267.6,3268.8,3265.3,3267.6,1305,0
2026-09-22 14:56:00,3267.7,3268.5,3264.1,3264.1,1746,0
2026-09-22 14:57:00,3264.7,3266.1,3259.2,3262.6,1235,0
2026-09-22 14:58:00,3262.8,3264.5,3256.0,3256.0,1825,0
2026-09-22 14:59:00,3260.9,3261.9,3250.2,3255.2,819,0
2026-09-22 15:00:00,3255.2,3258.7,3249.8,3256.4,2587,0
2026-09-22 15:01:00,3257.2,3257.9,3252.6,3253.7,919,0
2026-09-22 15:02:00,3254.3,3255.4,3250.0,3251.4,1617,0
2026-09-22 15:03:00,3252.2,3252.2,3250.0,3250.2,543,0
2026-09-22 15:04:00,3250.5,3251.3,3233.6,3238.3,3830,0
2026-09-22 15:05:00,3238.8,3244.8,3232.7,3242.4,5330,0
2026-09-22 15:06:00,3243.0,3244.9,3230.7,3238.1,3994,0
2026-09-22 15:07:00,3238.1,3238.5,3235.9,3236.3,1498,0
2026-09-22 15:08:00,3236.7,3237.4,3236.0,3237.4,4206,0
2026-09-22 15:09:00,3237.4,3238.2,3235.2,3235.4,1368,0
2026-09-22 15:10:00,3235.4,3235.7,3230.1,3230.6,1188,0
2026-09-22 15:11:00,3230.5,3235.1,3230.0,3232.3,1150,0
2026-09-22 15:12:00,3233.6,3235.1,3230.0,3234.0,2573,0
2026-09-22 15:13:00,3233.5,3234.7,3229.9,3230.3,1060,0
2026-09-22 15:14:00,3230.9,3231.0,3227.5,3228.4,587,0
2026-09-22 15:15:00,3229.7,3229.9,3226.0,3226.6,3145,0
2026-09-22 15:16:00,3226.6,3230.0,3226.3,3229.4,549,0
2026-09-22 15:17:00,3229.3,3229.6,3225.6,3228.8,1026,0
2026-09-22 15:18:00,3229.2,3229.9,3225.0,3225.0,791,0
2026-09-22 15:19:00,3225.5,3225.5,3224.3,3225.2,1673,0
2026-09-22 15:20:00,3225.2,3225.2,3223.7,3224.0,727,0
2026-09-22 15:21:00,3224.0,3224.0,3222.9,3222.9,629,0
2026-09-22 15:22:00,3223.1,3223.1,3222.7,3222.9,354,0
2026-09-22 15:23:00,3222.9,3224.8,3220.0,3224.7,653,0
2026-09-22 15:24:00,3224.7,3227.3,3218.6,3225.8,1578,0
2026-09-22 15:25:00,3225.9,3228.5,3217.6,3226.0,2118,0
2026-09-22 15:26:00,3226.1,3230.7,3225.5,3227.0,1999,0
2026-09-22 15:27:00,3227.3,3230.6,3225.0,3228.9,1370,0
2026-09-22 15:28:00,3228.9,3231.4,3227.1,3227.1,973,0
2026-09-22 15:29:00,3229.6,3237.0,3227.0,3228.0,629,0
